timestamp,complaint,cleaned_text,is_food_pricing_related,food_item,category,sentiment,sentiment_confidence,category_confidence,urgency,recommendation
2026-09-28 13:52:33,The quantity is not proportional to the rate.,the quantity is not proportional to the rate,True,General Canteen Food,Quantity-Price Concern,Negative,0.85,0.8,MEDIUM,"PORTION AUDIT: Re-evaluate standard kitchen ladle sizes, plate portion weights, and value-to-cost perception for this food item."
2026-09-28 13:52:33,The serving feels too meager for the price.,the serving feels too meager for the price,True,General Canteen Food,Quantity-Price Concern,Negative,0.85,0.8,MEDIUM,"PORTION AUDIT: Re-evaluate standard kitchen ladle sizes, plate portion weights, and value-to-cost perception for this food item."
2026-09-28 13:52:33,The cash counter gave me a higher price than shown.,the cash counter gave me a higher price than shown,True,General Canteen Food,Price Mismatch,Negative,0.85,0.8,CRITICAL,"URGENT AUDIT REQUIRED: Inspect POS billing registers, cash counters, and verify that physical menu board prices exactly match the billed amounts."
2026-09-28 13:52:33,The platter is small for the price asked.,the platter is small for the price asked,True,Thali / Meal,Quantity-Price Concern,Negative,0.85,0.8,MEDIUM,"PORTION AUDIT: Re-evaluate standard kitchen ladle sizes, plate portion weights, and value-to-cost perception for this food item."
2026-09-28 13:52:33,This menu item has become much more expensive recently.,this menu item has become much more expensive recently,True,General Food Item,Price Increase,Negative,0.85,0.8,MEDIUM,"TRANSPARENCY NOTICE: If prices were recently revised due to inflation or input costs, display an informative notice to students explaining the reasons in advance."
2026-09-28 13:52:33,I saw a sharp increase in the tea price.,i saw a sharp increase in the tea price,True,Tea / Chai,Price Increase,Negative,0.85,0.8,MEDIUM,"TRANSPARENCY NOTICE: If prices were recently revised due to inflation or input costs, display an informative notice to students explaining the reasons in advance."
2026-09-28 13:52:33,The snack is affordable and still tasty.,the snack is affordable and still tasty,True,Snack,General Price Complaint,Positive,0.85,0.8,MEDIUM,FEEDBACK MONITORING: Keep track of customer satisfaction trends and periodically survey student sentiment regarding overall cafeteria value.
2026-09-28 13:52:33,I expected a lower price for this item.,i expected a lower price for this item,True,General Food Item,High Price,Negative,0.85,0.8,MEDIUM,PRICING REVIEW: Benchmark item cost against student budget guidelines. Consider offering budget-friendly student combos or subsidized staples.
2026-09-28 13:52:33,The food is over-priced compared to its quality.,the food is over priced compared to its quality,True,General Food Item,General Price Complaint,Negative,0.85,0.8,MEDIUM,FEEDBACK MONITORING: Keep track of customer satisfaction trends and periodically survey student sentiment regarding overall cafeteria value.
2026-09-28 13:52:33,The menu price and billed price are inconsistent.,the menu price and billed price are inconsistent,True,General Canteen Food,Price Mismatch,Negative,0.85,0.8,CRITICAL,"URGENT AUDIT REQUIRED: Inspect POS billing registers, cash counters, and verify that physical menu board prices exactly match the billed amounts."
2026-09-28 13:52:33,The bill charged me 150 even though the menu said 125.,the bill charged me 150 even though the menu said 125,True,General Canteen Food,Price Mismatch,Negative,0.85,0.8,CRITICAL,"URGENT AUDIT REQUIRED: Inspect POS billing registers, cash counters, and verify that physical menu board prices exactly match the billed amounts."
2026-09-28 13:52:33,The order is way too small for the money.,the order is way too small for the money,True,General Canteen Food,Quantity-Price Concern,Negative,0.85,0.8,MEDIUM,"PORTION AUDIT: Re-evaluate standard kitchen ladle sizes, plate portion weights, and value-to-cost perception for this food item."
2026-09-28 13:52:33,The item was sold at a higher rate than the menu indicated.,the item was sold at a higher rate than the menu indicated,True,General Food Item,Price Mismatch,Negative,0.85,0.8,CRITICAL,"URGENT AUDIT REQUIRED: Inspect POS billing registers, cash counters, and verify that physical menu board prices exactly match the billed amounts."
2026-09-28 13:52:33,This is very expensive for a quick bite.,this is very expensive for a quick bite,True,General Canteen Food,High Price,Negative,0.85,0.8,MEDIUM,PRICING REVIEW: Benchmark item cost against student budget guidelines. Consider offering budget-friendly student combos or subsidized staples.
2026-09-28 13:52:33,This item used to be cheaper; now the price has jumped.,this item used to be cheaper now the price has jumped,True,General Food Item,Price Increase,Negative,0.85,0.8,MEDIUM,"TRANSPARENCY NOTICE: If prices were recently revised due to inflation or input costs, display an informative notice to students explaining the reasons in advance."
2026-09-28 13:52:33,The order was short in quantity for the amount billed.,the order was short in quantity for the amount billed,True,General Canteen Food,Quantity-Price Concern,Negative,0.85,0.8,MEDIUM,"PORTION AUDIT: Re-evaluate standard kitchen ladle sizes, plate portion weights, and value-to-cost perception for this food item."
2026-09-28 13:52:33,"The dosa is pricier now than before, and it is not fair.",the dosa is pricier now than before and it is not fair,True,Dosa,Price Increase,Negative,0.85,0.8,MEDIUM,"TRANSPARENCY NOTICE: If prices were recently revised due to inflation or input costs, display an informative notice to students explaining the reasons in advance."
2026-09-28 13:52:33,The printed rate was ?30 but I was charged ?45.,the printed rate was 30 but i was charged 45,True,General Canteen Food,Price Mismatch,Negative,0.85,0.8,CRITICAL,"URGENT AUDIT REQUIRED: Inspect POS billing registers, cash counters, and verify that physical menu board prices exactly match the billed amounts."
2026-09-28 13:52:33,I feel the price is a bit much for this item.,i feel the price is a bit much for this item,True,General Food Item,General Price Complaint,Negative,0.85,0.8,MEDIUM,FEEDBACK MONITORING: Keep track of customer satisfaction trends and periodically survey student sentiment regarding overall cafeteria value.
2026-09-28 13:52:33,The bill had a different price than the menu label.,the bill had a different price than the menu label,True,General Canteen Food,Price Mismatch,Negative,0.85,0.8,CRITICAL,"URGENT AUDIT REQUIRED: Inspect POS billing registers, cash counters, and verify that physical menu board prices exactly match the billed amounts."
2026-09-28 13:52:33,The cashier charged me 80 when the display showed 65.,the cashier charged me 80 when the display showed 65,True,General Canteen Food,Price Mismatch,Negative,0.85,0.8,CRITICAL,"URGENT AUDIT REQUIRED: Inspect POS billing registers, cash counters, and verify that physical menu board prices exactly match the billed amounts."
2026-09-28 13:52:33,The quantity is very low compared to the cost.,the quantity is very low compared to the cost,True,General Canteen Food,Quantity-Price Concern,Negative,0.85,0.8,MEDIUM,"PORTION AUDIT: Re-evaluate standard kitchen ladle sizes, plate portion weights, and value-to-cost perception for this food item."
2026-09-28 13:52:33,The food portion is tiny compared to the cost.,the food portion is tiny compared to the cost,True,General Food Item,Quantity-Price Concern,Negative,0.85,0.8,MEDIUM,"PORTION AUDIT: Re-evaluate standard kitchen ladle sizes, plate portion weights, and value-to-cost perception for this food item."
2026-09-28 13:52:33,The size does not match the price tag.,the size does not match the price tag,True,General Canteen Food,Quantity-Price Concern,Negative,0.85,0.8,MEDIUM,"PORTION AUDIT: Re-evaluate standard kitchen ladle sizes, plate portion weights, and value-to-cost perception for this food item."
2026-09-28 13:52:33,The table list shows 160 but the payment was 190.,the table list shows 160 but the payment was 190,True,General Canteen Food,Price Mismatch,Negative,0.85,0.8,CRITICAL,"URGENT AUDIT REQUIRED: Inspect POS billing registers, cash counters, and verify that physical menu board prices exactly match the billed amounts."
2026-09-28 13:52:33,The rate went up again and this is frustrating.,the rate went up again and this is frustrating,True,General Canteen Food,Price Increase,Negative,0.85,0.8,MEDIUM,"TRANSPARENCY NOTICE: If prices were recently revised due to inflation or input costs, display an informative notice to students explaining the reasons in advance."
2026-09-28 13:52:33,The quantity is not enough even for one person.,the quantity is not enough even for one person,True,General Canteen Food,Quantity-Price Concern,Negative,0.85,0.8,MEDIUM,"PORTION AUDIT: Re-evaluate standard kitchen ladle sizes, plate portion weights, and value-to-cost perception for this food item."
2026-09-28 13:52:33,This is a fair price for the portion served.,this is a fair price for the portion served,True,General Canteen Food,General Price Complaint,Positive,0.85,0.8,MEDIUM,FEEDBACK MONITORING: Keep track of customer satisfaction trends and periodically survey student sentiment regarding overall cafeteria value.
2026-09-28 13:52:33,The sandwich costs more now than it did last month.,the sandwich costs more now than it did last month,True,Sandwich,Price Increase,Negative,0.85,0.8,MEDIUM,"TRANSPARENCY NOTICE: If prices were recently revised due to inflation or input costs, display an informative notice to students explaining the reasons in advance."
2026-09-28 13:52:33,The burger is priced well and feels worth it.,the burger is priced well and feels worth it,True,Burger,General Price Complaint,Positive,0.85,0.8,MEDIUM,FEEDBACK MONITORING: Keep track of customer satisfaction trends and periodically survey student sentiment regarding overall cafeteria value.
2026-09-28 13:52:33,The pricing seems a bit high for a regular meal.,the pricing seems a bit high for a regular meal,True,Thali / Meal,General Price Complaint,Negative,0.85,0.8,MEDIUM,FEEDBACK MONITORING: Keep track of customer satisfaction trends and periodically survey student sentiment regarding overall cafeteria value.
2026-09-28 13:52:33,This snack feels overpriced and not worth buying.,this snack feels overpriced and not worth buying,True,Snack,High Price,Negative,0.85,0.8,MEDIUM,PRICING REVIEW: Benchmark item cost against student budget guidelines. Consider offering budget-friendly student combos or subsidized staples.
2026-09-28 13:52:33,The value is poor because the portion is tiny.,the value is poor because the portion is tiny,True,General Canteen Food,Quantity-Price Concern,Negative,0.85,0.8,MEDIUM,"PORTION AUDIT: Re-evaluate standard kitchen ladle sizes, plate portion weights, and value-to-cost perception for this food item."
2026-09-28 13:52:33,The sandwich has too little filling for the price.,the sandwich has too little filling for the price,True,Sandwich,Quantity-Price Concern,Negative,0.85,0.8,MEDIUM,"PORTION AUDIT: Re-evaluate standard kitchen ladle sizes, plate portion weights, and value-to-cost perception for this food item."
2026-09-28 13:52:33,The sandwich is priced fairly and tastes great.,the sandwich is priced fairly and tastes great,True,Sandwich,General Price Complaint,Positive,0.85,0.8,MEDIUM,FEEDBACK MONITORING: Keep track of customer satisfaction trends and periodically survey student sentiment regarding overall cafeteria value.
2026-09-28 13:52:33,The same coffee now costs more than earlier.,the same coffee now costs more than earlier,True,Coffee,Price Increase,Negative,0.85,0.8,MEDIUM,"TRANSPARENCY NOTICE: If prices were recently revised due to inflation or input costs, display an informative notice to students explaining the reasons in advance."
2026-09-28 13:52:33,The food is expensive for the value provided.,the food is expensive for the value provided,True,General Food Item,General Price Complaint,Negative,0.85,0.8,MEDIUM,FEEDBACK MONITORING: Keep track of customer satisfaction trends and periodically survey student sentiment regarding overall cafeteria value.
2026-09-28 13:52:33,The price of the salad is too high for a simple item.,the price of the salad is too high for a simple item,True,Salad,High Price,Negative,0.85,0.8,MEDIUM,PRICING REVIEW: Benchmark item cost against student budget guidelines. Consider offering budget-friendly student combos or subsidized staples.
2026-09-28 13:52:33,"I was billed 55, but the menu quoted 42.",i was billed 55 but the menu quoted 42,True,General Canteen Food,Price Mismatch,Negative,0.85,0.8,CRITICAL,"URGENT AUDIT REQUIRED: Inspect POS billing registers, cash counters, and verify that physical menu board prices exactly match the billed amounts."
2026-09-28 13:52:33,Why are the prices increasing every few days?,why are the prices increasing every few days,True,General Canteen Food,Price Increase,Negative,0.85,0.8,MEDIUM,"TRANSPARENCY NOTICE: If prices were recently revised due to inflation or input costs, display an informative notice to students explaining the reasons in advance."
2026-09-28 13:52:33,The rise in cost is hard to justify in this market.,the rise in cost is hard to justify in this market,True,General Canteen Food,Price Increase,Negative,0.85,0.8,MEDIUM,"TRANSPARENCY NOTICE: If prices were recently revised due to inflation or input costs, display an informative notice to students explaining the reasons in advance."
2026-09-28 13:52:33,This portion is too small to justify the cost.,this portion is too small to justify the cost,True,General Canteen Food,Quantity-Price Concern,Negative,0.85,0.8,MEDIUM,"PORTION AUDIT: Re-evaluate standard kitchen ladle sizes, plate portion weights, and value-to-cost perception for this food item."
2026-09-28 13:52:33,This soup is too expensive compared to nearby places.,this soup is too expensive compared to nearby places,True,Soup,High Price,Negative,0.85,0.8,MEDIUM,PRICING REVIEW: Benchmark item cost against student budget guidelines. Consider offering budget-friendly student combos or subsidized staples.
2026-09-28 13:52:33,This item was cheaper a few weeks back.,this item was cheaper a few weeks back,True,General Food Item,Price Increase,Negative,0.85,0.8,MEDIUM,"TRANSPARENCY NOTICE: If prices were recently revised due to inflation or input costs, display an informative notice to students explaining the reasons in advance."
2026-09-28 13:52:33,I noticed a recent increase in the price of the samosa.,i noticed a recent increase in the price of the samosa,True,Samosa,Price Increase,Negative,0.85,0.8,MEDIUM,"TRANSPARENCY NOTICE: If prices were recently revised due to inflation or input costs, display an informative notice to students explaining the reasons in advance."
2026-09-28 13:52:33,The cost of the biscuits is high and unreasonable.,the cost of the biscuits is high and unreasonable,True,General Canteen Food,High Price,Negative,0.85,0.8,MEDIUM,PRICING REVIEW: Benchmark item cost against student budget guidelines. Consider offering budget-friendly student combos or subsidized staples.
2026-09-28 13:52:33,The quantity is low and the price is high.,the quantity is low and the price is high,True,General Canteen Food,Quantity-Price Concern,Negative,0.85,0.8,MEDIUM,"PORTION AUDIT: Re-evaluate standard kitchen ladle sizes, plate portion weights, and value-to-cost perception for this food item."
2026-09-28 13:52:33,I was billed 100 after seeing 85 on the board.,i was billed 100 after seeing 85 on the board,True,General Canteen Food,Price Mismatch,Negative,0.85,0.8,CRITICAL,"URGENT AUDIT REQUIRED: Inspect POS billing registers, cash counters, and verify that physical menu board prices exactly match the billed amounts."
2026-09-28 13:52:33,The portion size should be bigger for this price.,the portion size should be bigger for this price,True,General Canteen Food,Quantity-Price Concern,Negative,0.85,0.8,MEDIUM,"PORTION AUDIT: Re-evaluate standard kitchen ladle sizes, plate portion weights, and value-to-cost perception for this food item."
2026-09-28 13:52:33,The price of the cutlet is unreasonable.,the price of the cutlet is unreasonable,True,General Canteen Food,High Price,Negative,0.85,0.8,MEDIUM,PRICING REVIEW: Benchmark item cost against student budget guidelines. Consider offering budget-friendly student combos or subsidized staples.
2026-09-28 13:52:33,Food prices here are acceptable and not excessive.,food prices here are acceptable and not excessive,True,General Food Item,General Price Complaint,Positive,0.85,0.8,MEDIUM,FEEDBACK MONITORING: Keep track of customer satisfaction trends and periodically survey student sentiment regarding overall cafeteria value.
2026-09-28 13:52:33,The item cost 60 at the counter although it was marked 48.,the item cost 60 at the counter although it was marked 48,True,General Food Item,Price Mismatch,Negative,0.85,0.8,CRITICAL,"URGENT AUDIT REQUIRED: Inspect POS billing registers, cash counters, and verify that physical menu board prices exactly match the billed amounts."
2026-09-28 13:52:33,Food prices are increasing too quickly.,food prices are increasing too quickly,True,General Food Item,Price Increase,Negative,0.85,0.8,MEDIUM,"TRANSPARENCY NOTICE: If prices were recently revised due to inflation or input costs, display an informative notice to students explaining the reasons in advance."
2026-09-28 13:52:33,I was charged 70 instead of the listed 55.,i was charged 70 instead of the listed 55,True,General Canteen Food,Price Mismatch,Negative,0.85,0.8,CRITICAL,"URGENT AUDIT REQUIRED: Inspect POS billing registers, cash counters, and verify that physical menu board prices exactly match the billed amounts."
2026-09-28 13:52:33,I ordered a tea and was charged 20 instead of 15.,i ordered a tea and was charged 20 instead of 15,True,Tea / Chai,Price Mismatch,Negative,0.85,0.8,CRITICAL,"URGENT AUDIT REQUIRED: Inspect POS billing registers, cash counters, and verify that physical menu board prices exactly match the billed amounts."
2026-09-28 13:52:33,This snack is too costly for the serving size.,this snack is too costly for the serving size,True,Snack,High Price,Negative,0.85,0.8,MEDIUM,PRICING REVIEW: Benchmark item cost against student budget guidelines. Consider offering budget-friendly student combos or subsidized staples.
2026-09-28 13:52:33,Why has the burger price gone up suddenly?,why has the burger price gone up suddenly,True,Burger,Price Increase,Negative,0.85,0.8,MEDIUM,"TRANSPARENCY NOTICE: If prices were recently revised due to inflation or input costs, display an informative notice to students explaining the reasons in advance."
2026-09-28 13:52:33,"I paid 40 for the sandwich, but the menu says 30.",i paid 40 for the sandwich but the menu says 30,True,Sandwich,Price Mismatch,Negative,0.85,0.8,CRITICAL,"URGENT AUDIT REQUIRED: Inspect POS billing registers, cash counters, and verify that physical menu board prices exactly match the billed amounts."
2026-09-28 13:52:33,This is poor value because the portion is tiny.,this is poor value because the portion is tiny,True,General Canteen Food,Quantity-Price Concern,Negative,0.85,0.8,MEDIUM,"PORTION AUDIT: Re-evaluate standard kitchen ladle sizes, plate portion weights, and value-to-cost perception for this food item."
2026-09-28 13:52:33,The burger price rose again without any change in quality.,the burger price rose again without any change in quality,True,Burger,Price Increase,Negative,0.85,0.8,MEDIUM,"TRANSPARENCY NOTICE: If prices were recently revised due to inflation or input costs, display an informative notice to students explaining the reasons in advance."
2026-09-28 13:52:33,The portion is tiny despite the charge.,the portion is tiny despite the charge,True,General Canteen Food,Quantity-Price Concern,Negative,0.85,0.8,MEDIUM,"PORTION AUDIT: Re-evaluate standard kitchen ladle sizes, plate portion weights, and value-to-cost perception for this food item."
2026-09-28 13:52:33,The price mismatch between the menu and the receipt is unfair.,the price mismatch between the menu and the receipt is unfair,True,General Canteen Food,Price Mismatch,Negative,0.85,0.8,CRITICAL,"URGENT AUDIT REQUIRED: Inspect POS billing registers, cash counters, and verify that physical menu board prices exactly match the billed amounts."
2026-09-28 13:52:33,The overall pricing seems less than fair.,the overall pricing seems less than fair,True,General Canteen Food,General Price Complaint,Negative,0.85,0.8,MEDIUM,FEEDBACK MONITORING: Keep track of customer satisfaction trends and periodically survey student sentiment regarding overall cafeteria value.
2026-09-28 13:52:33,The price of the shakshuka is much too high.,the price of the shakshuka is much too high,True,General Canteen Food,High Price,Negative,0.85,0.8,MEDIUM,PRICING REVIEW: Benchmark item cost against student budget guidelines. Consider offering budget-friendly student combos or subsidized staples.
2026-09-28 13:52:33,I ordered the pizza and was charged 150 instead of 130.,i ordered the pizza and was charged 150 instead of 130,True,Pizza,Price Mismatch,Negative,0.85,0.8,CRITICAL,"URGENT AUDIT REQUIRED: Inspect POS billing registers, cash counters, and verify that physical menu board prices exactly match the billed amounts."
2026-09-28 13:52:33,I expected a bigger portion for the price paid.,i expected a bigger portion for the price paid,True,General Canteen Food,Quantity-Price Concern,Negative,0.85,0.8,MEDIUM,"PORTION AUDIT: Re-evaluate standard kitchen ladle sizes, plate portion weights, and value-to-cost perception for this food item."
2026-09-28 13:52:33,The mutton roll is priced too high.,the mutton roll is priced too high,True,Roll / Wrap,High Price,Negative,0.85,0.8,MEDIUM,PRICING REVIEW: Benchmark item cost against student budget guidelines. Consider offering budget-friendly student combos or subsidized staples.
2026-09-28 13:52:33,The menu listed 70 but I paid 90.,the menu listed 70 but i paid 90,True,General Canteen Food,Price Mismatch,Negative,0.85,0.8,CRITICAL,"URGENT AUDIT REQUIRED: Inspect POS billing registers, cash counters, and verify that physical menu board prices exactly match the billed amounts."
2026-09-28 13:52:33,The kachori price is too high for the quantity.,the kachori price is too high for the quantity,True,General Canteen Food,High Price,Negative,0.85,0.8,MEDIUM,PRICING REVIEW: Benchmark item cost against student budget guidelines. Consider offering budget-friendly student combos or subsidized staples.
2026-09-28 13:52:33,This price increase is not reasonable for a small snack.,this price increase is not reasonable for a small snack,True,Snack,Price Increase,Negative,0.85,0.8,MEDIUM,"TRANSPARENCY NOTICE: If prices were recently revised due to inflation or input costs, display an informative notice to students explaining the reasons in advance."
2026-09-28 13:52:33,The cost of my usual snack has gone up unexpectedly.,the cost of my usual snack has gone up unexpectedly,True,Snack,Price Increase,Negative,0.85,0.8,MEDIUM,"TRANSPARENCY NOTICE: If prices were recently revised due to inflation or input costs, display an informative notice to students explaining the reasons in advance."
2026-09-28 13:52:33,This item is too expensive for a casual snack.,this item is too expensive for a casual snack,True,Snack,General Price Complaint,Negative,0.85,0.8,MEDIUM,FEEDBACK MONITORING: Keep track of customer satisfaction trends and periodically survey student sentiment regarding overall cafeteria value.
2026-09-28 13:52:33,The price of the milkshake has gone up noticeably.,the price of the milkshake has gone up noticeably,True,General Canteen Food,Price Increase,Negative,0.85,0.8,MEDIUM,"TRANSPARENCY NOTICE: If prices were recently revised due to inflation or input costs, display an informative notice to students explaining the reasons in advance."
2026-09-28 13:52:33,The quantity is very less for this price.,the quantity is very less for this price,True,General Canteen Food,Quantity-Price Concern,Negative,0.85,0.8,MEDIUM,"PORTION AUDIT: Re-evaluate standard kitchen ladle sizes, plate portion weights, and value-to-cost perception for this food item."
2026-09-28 13:52:33,The cost of coffee increased without warning.,the cost of coffee increased without warning,True,Coffee,Price Increase,Negative,0.85,0.8,MEDIUM,"TRANSPARENCY NOTICE: If prices were recently revised due to inflation or input costs, display an informative notice to students explaining the reasons in advance."
2026-09-28 13:52:33,Food prices are not justified in this shop.,food prices are not justified in this shop,True,General Food Item,General Price Complaint,Negative,0.85,0.8,MEDIUM,FEEDBACK MONITORING: Keep track of customer satisfaction trends and periodically survey student sentiment regarding overall cafeteria value.
2026-09-28 13:52:33,Food prices have been rising and the quality remains the same.,food prices have been rising and the quality remains the same,True,General Food Item,Price Increase,Negative,0.85,0.8,MEDIUM,"TRANSPARENCY NOTICE: If prices were recently revised due to inflation or input costs, display an informative notice to students explaining the reasons in advance."
2026-09-28 13:52:33,The cost of the curry increased compared to last time.,the cost of the curry increased compared to last time,True,General Canteen Food,Price Increase,Negative,0.85,0.8,MEDIUM,"TRANSPARENCY NOTICE: If prices were recently revised due to inflation or input costs, display an informative notice to students explaining the reasons in advance."
2026-09-28 13:52:33,The rise in tea cost is unreasonable.,the rise in tea cost is unreasonable,True,Tea / Chai,Price Increase,Negative,0.85,0.8,MEDIUM,"TRANSPARENCY NOTICE: If prices were recently revised due to inflation or input costs, display an informative notice to students explaining the reasons in advance."
2026-09-28 13:52:33,This order had a price mismatch at checkout.,this order had a price mismatch at checkout,True,General Canteen Food,Price Mismatch,Negative,0.85,0.8,CRITICAL,"URGENT AUDIT REQUIRED: Inspect POS billing registers, cash counters, and verify that physical menu board prices exactly match the billed amounts."
2026-09-28 13:52:33,The price has risen and there is no explanation.,the price has risen and there is no explanation,True,General Canteen Food,Price Increase,Negative,0.85,0.8,MEDIUM,"TRANSPARENCY NOTICE: If prices were recently revised due to inflation or input costs, display an informative notice to students explaining the reasons in advance."
2026-09-28 13:52:33,Poor quantity-to-price ratio for this item.,poor quantity to price ratio for this item,True,General Food Item,Quantity-Price Concern,Negative,0.85,0.8,MEDIUM,"PORTION AUDIT: Re-evaluate standard kitchen ladle sizes, plate portion weights, and value-to-cost perception for this food item."
2026-09-28 13:52:33,The price is fair for the dish quality.,the price is fair for the dish quality,True,General Food Item,General Price Complaint,Positive,0.85,0.8,MEDIUM,FEEDBACK MONITORING: Keep track of customer satisfaction trends and periodically survey student sentiment regarding overall cafeteria value.
2026-09-28 13:52:33,The item is underfilled for the price it sells at.,the item is underfilled for the price it sells at,True,General Food Item,Quantity-Price Concern,Negative,0.85,0.8,MEDIUM,"PORTION AUDIT: Re-evaluate standard kitchen ladle sizes, plate portion weights, and value-to-cost perception for this food item."
2026-09-28 13:52:33,The listed price was 32 but they took 45 from me.,the listed price was 32 but they took 45 from me,True,General Canteen Food,Price Mismatch,Negative,0.85,0.8,CRITICAL,"URGENT AUDIT REQUIRED: Inspect POS billing registers, cash counters, and verify that physical menu board prices exactly match the billed amounts."
2026-09-28 13:52:33,The item is expensive but extremely small.,the item is expensive but extremely small,True,General Food Item,Quantity-Price Concern,Negative,0.85,0.8,MEDIUM,"PORTION AUDIT: Re-evaluate standard kitchen ladle sizes, plate portion weights, and value-to-cost perception for this food item."
2026-09-28 13:52:33,The amount charged is high but the quantity is low.,the amount charged is high but the quantity is low,True,General Canteen Food,Quantity-Price Concern,Negative,0.85,0.8,MEDIUM,"PORTION AUDIT: Re-evaluate standard kitchen ladle sizes, plate portion weights, and value-to-cost perception for this food item."
2026-09-28 13:52:33,The sandwich is priced much higher than similar outlets.,the sandwich is priced much higher than similar outlets,True,Sandwich,High Price,Negative,0.85,0.8,MEDIUM,PRICING REVIEW: Benchmark item cost against student budget guidelines. Consider offering budget-friendly student combos or subsidized staples.
2026-09-28 13:52:33,The quantity is poor for the price of this burger.,the quantity is poor for the price of this burger,True,Burger,Quantity-Price Concern,Negative,0.85,0.8,MEDIUM,"PORTION AUDIT: Re-evaluate standard kitchen ladle sizes, plate portion weights, and value-to-cost perception for this food item."
2026-09-28 13:52:33,The pricing feels unfair for a simple product.,the pricing feels unfair for a simple product,True,General Canteen Food,High Price,Negative,0.85,0.8,MEDIUM,PRICING REVIEW: Benchmark item cost against student budget guidelines. Consider offering budget-friendly student combos or subsidized staples.
2026-09-28 13:52:33,The bag is very light for the price given.,the bag is very light for the price given,True,General Canteen Food,Quantity-Price Concern,Negative,0.85,0.8,MEDIUM,"PORTION AUDIT: Re-evaluate standard kitchen ladle sizes, plate portion weights, and value-to-cost perception for this food item."
2026-09-28 13:52:33,The menu displayed 145 but the bill total was 180.,the menu displayed 145 but the bill total was 180,True,General Canteen Food,Price Mismatch,Negative,0.85,0.8,CRITICAL,"URGENT AUDIT REQUIRED: Inspect POS billing registers, cash counters, and verify that physical menu board prices exactly match the billed amounts."
2026-09-28 13:52:33,The food prices are higher than nearby alternatives.,the food prices are higher than nearby alternatives,True,General Food Item,General Price Complaint,Negative,0.85,0.8,MEDIUM,FEEDBACK MONITORING: Keep track of customer satisfaction trends and periodically survey student sentiment regarding overall cafeteria value.
2026-09-28 13:52:33,The price of the samosa is too high for the portion served.,the price of the samosa is too high for the portion served,True,Samosa,High Price,Negative,0.85,0.8,MEDIUM,PRICING REVIEW: Benchmark item cost against student budget guidelines. Consider offering budget-friendly student combos or subsidized staples.
2026-09-28 13:52:33,The food price is reasonable compared to other caf?s.,the food price is reasonable compared to other caf s,True,General Food Item,General Price Complaint,Positive,0.85,0.8,MEDIUM,FEEDBACK MONITORING: Keep track of customer satisfaction trends and periodically survey student sentiment regarding overall cafeteria value.
2026-09-28 13:52:33,The meal is clearly overpriced for the quality.,the meal is clearly overpriced for the quality,True,Thali / Meal,High Price,Negative,0.85,0.8,MEDIUM,PRICING REVIEW: Benchmark item cost against student budget guidelines. Consider offering budget-friendly student combos or subsidized staples.
2026-09-28 13:52:33,The price of the food is reasonable for the quality offered.,the price of the food is reasonable for the quality offered,True,General Food Item,General Price Complaint,Positive,0.85,0.8,MEDIUM,FEEDBACK MONITORING: Keep track of customer satisfaction trends and periodically survey student sentiment regarding overall cafeteria value.
2026-09-28 13:52:33,"The bill shows 120, while the menu price is 95.",the bill shows 120 while the menu price is 95,True,General Canteen Food,Price Mismatch,Negative,0.85,0.8,CRITICAL,"URGENT AUDIT REQUIRED: Inspect POS billing registers, cash counters, and verify that physical menu board prices exactly match the billed amounts."
2026-09-28 13:52:33,The rate has climbed compared to earlier this year.,the rate has climbed compared to earlier this year,True,General Canteen Food,Price Increase,Negative,0.85,0.8,MEDIUM,"TRANSPARENCY NOTICE: If prices were recently revised due to inflation or input costs, display an informative notice to students explaining the reasons in advance."
2026-09-28 13:52:33,The burger now costs more than last month for the same size.,the burger now costs more than last month for the same size,True,Burger,Price Increase,Negative,0.85,0.8,MEDIUM,"TRANSPARENCY NOTICE: If prices were recently revised due to inflation or input costs, display an informative notice to students explaining the reasons in advance."
2026-09-28 13:52:33,The bill is inconsistent with the menu display.,the bill is inconsistent with the menu display,True,General Canteen Food,Price Mismatch,Negative,0.85,0.8,CRITICAL,"URGENT AUDIT REQUIRED: Inspect POS billing registers, cash counters, and verify that physical menu board prices exactly match the billed amounts."
2026-09-28 13:52:33,The tea price has risen recently and feels excessive.,the tea price has risen recently and feels excessive,True,Tea / Chai,Price Increase,Negative,0.85,0.8,MEDIUM,"TRANSPARENCY NOTICE: If prices were recently revised due to inflation or input costs, display an informative notice to students explaining the reasons in advance."
2026-09-28 13:52:33,The price of the samosa increased a lot this month.,the price of the samosa increased a lot this month,True,Samosa,Price Increase,Negative,0.85,0.8,MEDIUM,"TRANSPARENCY NOTICE: If prices were recently revised due to inflation or input costs, display an informative notice to students explaining the reasons in advance."
2026-09-28 13:52:33,"The price board says 65, yet my bill was 82.",the price board says 65 yet my bill was 82,True,General Canteen Food,Price Mismatch,Negative,0.85,0.8,CRITICAL,"URGENT AUDIT REQUIRED: Inspect POS billing registers, cash counters, and verify that physical menu board prices exactly match the billed amounts."
2026-09-28 13:52:33,I was charged 90 while the sticker said 70.,i was charged 90 while the sticker said 70,True,General Canteen Food,Price Mismatch,Negative,0.85,0.8,CRITICAL,"URGENT AUDIT REQUIRED: Inspect POS billing registers, cash counters, and verify that physical menu board prices exactly match the billed amounts."
2026-09-28 13:52:33,The fries are priced higher than the market standard.,the fries are priced higher than the market standard,True,General Canteen Food,High Price,Negative,0.85,0.8,MEDIUM,PRICING REVIEW: Benchmark item cost against student budget guidelines. Consider offering budget-friendly student combos or subsidized staples.
2026-09-28 13:52:33,The price is slightly on the higher side.,the price is slightly on the higher side,True,General Canteen Food,General Price Complaint,Negative,0.85,0.8,MEDIUM,FEEDBACK MONITORING: Keep track of customer satisfaction trends and periodically survey student sentiment regarding overall cafeteria value.
2026-09-28 13:52:33,The serving size is disappointing for this price.,the serving size is disappointing for this price,True,General Canteen Food,Quantity-Price Concern,Negative,0.85,0.8,MEDIUM,"PORTION AUDIT: Re-evaluate standard kitchen ladle sizes, plate portion weights, and value-to-cost perception for this food item."
2026-09-28 13:52:33,I feel the pastry is overpriced here.,i feel the pastry is overpriced here,True,Pastry / Bakery,High Price,Negative,0.85,0.8,MEDIUM,PRICING REVIEW: Benchmark item cost against student budget guidelines. Consider offering budget-friendly student combos or subsidized staples.
2026-09-28 13:52:33,I am okay with the pricing for this quality.,i am okay with the pricing for this quality,True,General Canteen Food,General Price Complaint,Positive,0.85,0.8,MEDIUM,FEEDBACK MONITORING: Keep track of customer satisfaction trends and periodically survey student sentiment regarding overall cafeteria value.
2026-09-28 13:52:33,The prices are rising too often and too sharply.,the prices are rising too often and too sharply,True,General Canteen Food,Price Increase,Negative,0.85,0.8,MEDIUM,"TRANSPARENCY NOTICE: If prices were recently revised due to inflation or input costs, display an informative notice to students explaining the reasons in advance."
2026-09-28 13:52:33,Why is the paneer roll so expensive today?,why is the paneer roll so expensive today,True,Roll / Wrap,High Price,Negative,0.85,0.8,MEDIUM,PRICING REVIEW: Benchmark item cost against student budget guidelines. Consider offering budget-friendly student combos or subsidized staples.
2026-09-28 13:52:33,The sandwich price has increased but the portion has not.,the sandwich price has increased but the portion has not,True,Sandwich,Price Increase,Negative,0.85,0.8,MEDIUM,"TRANSPARENCY NOTICE: If prices were recently revised due to inflation or input costs, display an informative notice to students explaining the reasons in advance."
2026-09-28 13:52:33,I did not get a fair quantity for this price.,i did not get a fair quantity for this price,True,General Canteen Food,Quantity-Price Concern,Negative,0.85,0.8,MEDIUM,"PORTION AUDIT: Re-evaluate standard kitchen ladle sizes, plate portion weights, and value-to-cost perception for this food item."
2026-09-28 13:52:33,This meal offers reasonable value for its price.,this meal offers reasonable value for its price,True,Thali / Meal,General Price Complaint,Positive,0.85,0.8,MEDIUM,FEEDBACK MONITORING: Keep track of customer satisfaction trends and periodically survey student sentiment regarding overall cafeteria value.
2026-09-28 13:52:33,Everything is getting more expensive without reason.,everything is getting more expensive without reason,True,General Canteen Food,Price Increase,Negative,0.85,0.8,MEDIUM,"TRANSPARENCY NOTICE: If prices were recently revised due to inflation or input costs, display an informative notice to students explaining the reasons in advance."
2026-09-28 13:52:33,The price of the pastry is too high in this caf?.,the price of the pastry is too high in this caf,True,Pastry / Bakery,High Price,Negative,0.85,0.8,MEDIUM,PRICING REVIEW: Benchmark item cost against student budget guidelines. Consider offering budget-friendly student combos or subsidized staples.
2026-09-28 13:52:33,The menu says 25 but the invoice says 35.,the menu says 25 but the invoice says 35,True,General Canteen Food,Price Mismatch,Negative,0.85,0.8,CRITICAL,"URGENT AUDIT REQUIRED: Inspect POS billing registers, cash counters, and verify that physical menu board prices exactly match the billed amounts."
2026-09-28 13:52:33,This item costs more than it should here.,this item costs more than it should here,True,General Food Item,General Price Complaint,Negative,0.85,0.8,MEDIUM,FEEDBACK MONITORING: Keep track of customer satisfaction trends and periodically survey student sentiment regarding overall cafeteria value.
2026-09-28 13:52:33,I think the pricing is unreasonable here.,i think the pricing is unreasonable here,True,General Canteen Food,High Price,Negative,0.85,0.8,MEDIUM,PRICING REVIEW: Benchmark item cost against student budget guidelines. Consider offering budget-friendly student combos or subsidized staples.
2026-09-28 13:52:33,The meal is too costly for a simple caf?.,the meal is too costly for a simple caf,True,Thali / Meal,General Price Complaint,Negative,0.85,0.8,MEDIUM,FEEDBACK MONITORING: Keep track of customer satisfaction trends and periodically survey student sentiment regarding overall cafeteria value.
2026-09-28 13:52:33,There is very little in the box for this price.,there is very little in the box for this price,True,General Canteen Food,Quantity-Price Concern,Negative,0.85,0.8,MEDIUM,"PORTION AUDIT: Re-evaluate standard kitchen ladle sizes, plate portion weights, and value-to-cost perception for this food item."
2026-09-28 13:52:33,The parcel size is small for the price charged.,the parcel size is small for the price charged,True,General Canteen Food,Quantity-Price Concern,Negative,0.85,0.8,MEDIUM,"PORTION AUDIT: Re-evaluate standard kitchen ladle sizes, plate portion weights, and value-to-cost perception for this food item."
2026-09-28 13:52:33,The vada pav costs too much and feels inflated.,the vada pav costs too much and feels inflated,True,Idli / Vada,High Price,Negative,0.85,0.8,MEDIUM,PRICING REVIEW: Benchmark item cost against student budget guidelines. Consider offering budget-friendly student combos or subsidized staples.
2026-09-28 13:52:33,The quantity is not worth the price of the item.,the quantity is not worth the price of the item,True,General Food Item,Quantity-Price Concern,Negative,0.85,0.8,MEDIUM,"PORTION AUDIT: Re-evaluate standard kitchen ladle sizes, plate portion weights, and value-to-cost perception for this food item."
2026-09-28 13:52:33,The quantity is low and the value is poor.,the quantity is low and the value is poor,True,General Canteen Food,Quantity-Price Concern,Negative,0.85,0.8,MEDIUM,"PORTION AUDIT: Re-evaluate standard kitchen ladle sizes, plate portion weights, and value-to-cost perception for this food item."
2026-09-28 13:52:33,This tea is definitely overpriced.,this tea is definitely overpriced,True,Tea / Chai,High Price,Negative,0.85,0.8,MEDIUM,PRICING REVIEW: Benchmark item cost against student budget guidelines. Consider offering budget-friendly student combos or subsidized staples.
2026-09-28 13:52:33,The bun is way too expensive for a simple snack.,the bun is way too expensive for a simple snack,True,Snack,High Price,Negative,0.85,0.8,MEDIUM,PRICING REVIEW: Benchmark item cost against student budget guidelines. Consider offering budget-friendly student combos or subsidized staples.
2026-09-28 13:52:33,The rate on the receipt was more than the list price.,the rate on the receipt was more than the list price,True,General Canteen Food,Price Mismatch,Negative,0.85,0.8,CRITICAL,"URGENT AUDIT REQUIRED: Inspect POS billing registers, cash counters, and verify that physical menu board prices exactly match the billed amounts."
2026-09-28 13:52:33,The menu indicates 130 but the bill says 160.,the menu indicates 130 but the bill says 160,True,General Canteen Food,Price Mismatch,Negative,0.85,0.8,CRITICAL,"URGENT AUDIT REQUIRED: Inspect POS billing registers, cash counters, and verify that physical menu board prices exactly match the billed amounts."
2026-09-28 13:52:33,The item is expensive and not worth the cost.,the item is expensive and not worth the cost,True,General Food Item,High Price,Negative,0.85,0.8,MEDIUM,PRICING REVIEW: Benchmark item cost against student budget guidelines. Consider offering budget-friendly student combos or subsidized staples.
2026-09-28 13:52:33,I got very little for a high price.,i got very little for a high price,True,General Canteen Food,Quantity-Price Concern,Negative,0.85,0.8,MEDIUM,"PORTION AUDIT: Re-evaluate standard kitchen ladle sizes, plate portion weights, and value-to-cost perception for this food item."
2026-09-28 13:52:33,The item was not expensive before; now the cost is high.,the item was not expensive before now the cost is high,True,General Food Item,Price Increase,Negative,0.85,0.8,MEDIUM,"TRANSPARENCY NOTICE: If prices were recently revised due to inflation or input costs, display an informative notice to students explaining the reasons in advance."
2026-09-28 13:52:33,The higher rates make this product less affordable.,the higher rates make this product less affordable,True,General Canteen Food,Price Increase,Negative,0.85,0.8,MEDIUM,"TRANSPARENCY NOTICE: If prices were recently revised due to inflation or input costs, display an informative notice to students explaining the reasons in advance."
2026-09-28 13:52:33,I paid too much for too little food.,i paid too much for too little food,True,General Food Item,Quantity-Price Concern,Negative,0.85,0.8,MEDIUM,"PORTION AUDIT: Re-evaluate standard kitchen ladle sizes, plate portion weights, and value-to-cost perception for this food item."
2026-09-28 13:52:33,The same product is now charged at a higher rate.,the same product is now charged at a higher rate,True,General Canteen Food,Price Increase,Negative,0.85,0.8,MEDIUM,"TRANSPARENCY NOTICE: If prices were recently revised due to inflation or input costs, display an informative notice to students explaining the reasons in advance."
2026-09-28 13:52:33,The caf? charges too much for a regular coffee.,the caf charges too much for a regular coffee,True,Coffee,High Price,Negative,0.85,0.8,MEDIUM,PRICING REVIEW: Benchmark item cost against student budget guidelines. Consider offering budget-friendly student combos or subsidized staples.
2026-09-28 13:52:33,The billed amount does not reflect the advertised price.,the billed amount does not reflect the advertised price,True,General Canteen Food,Price Mismatch,Negative,0.85,0.8,CRITICAL,"URGENT AUDIT REQUIRED: Inspect POS billing registers, cash counters, and verify that physical menu board prices exactly match the billed amounts."
2026-09-28 13:52:33,I paid a lot but received very little food.,i paid a lot but received very little food,True,General Food Item,Quantity-Price Concern,Negative,0.85,0.8,MEDIUM,"PORTION AUDIT: Re-evaluate standard kitchen ladle sizes, plate portion weights, and value-to-cost perception for this food item."
2026-09-28 13:52:33,The price on the receipt is higher than the menu board.,the price on the receipt is higher than the menu board,True,General Canteen Food,Price Mismatch,Negative,0.85,0.8,CRITICAL,"URGENT AUDIT REQUIRED: Inspect POS billing registers, cash counters, and verify that physical menu board prices exactly match the billed amounts."
2026-09-28 13:52:33,The fries cost too much for the quantity provided.,the fries cost too much for the quantity provided,True,General Canteen Food,High Price,Negative,0.85,0.8,MEDIUM,PRICING REVIEW: Benchmark item cost against student budget guidelines. Consider offering budget-friendly student combos or subsidized staples.
2026-09-28 13:52:33,The snack was overpriced for the small quantity.,the snack was overpriced for the small quantity,True,Snack,Quantity-Price Concern,Negative,0.85,0.8,MEDIUM,"PORTION AUDIT: Re-evaluate standard kitchen ladle sizes, plate portion weights, and value-to-cost perception for this food item."
2026-09-28 13:52:33,The portion feels extremely small compared to the price.,the portion feels extremely small compared to the price,True,General Canteen Food,Quantity-Price Concern,Negative,0.85,0.8,MEDIUM,"PORTION AUDIT: Re-evaluate standard kitchen ladle sizes, plate portion weights, and value-to-cost perception for this food item."
2026-09-28 13:52:33,The item feels overpriced given the portion size.,the item feels overpriced given the portion size,True,General Food Item,General Price Complaint,Negative,0.85,0.8,MEDIUM,FEEDBACK MONITORING: Keep track of customer satisfaction trends and periodically survey student sentiment regarding overall cafeteria value.
2026-09-28 13:52:33,This burger is much more expensive than expected.,this burger is much more expensive than expected,True,Burger,High Price,Negative,0.85,0.8,MEDIUM,PRICING REVIEW: Benchmark item cost against student budget guidelines. Consider offering budget-friendly student combos or subsidized staples.
2026-09-28 13:52:33,This sandwich is way too expensive for what it is.,this sandwich is way too expensive for what it is,True,Sandwich,High Price,Negative,0.85,0.8,MEDIUM,PRICING REVIEW: Benchmark item cost against student budget guidelines. Consider offering budget-friendly student combos or subsidized staples.
2026-09-28 13:52:33,The salad is overvalued for a basic dish.,the salad is overvalued for a basic dish,True,Salad,High Price,Negative,0.85,0.8,MEDIUM,PRICING REVIEW: Benchmark item cost against student budget guidelines. Consider offering budget-friendly student combos or subsidized staples.
2026-09-28 13:52:33,The price of this snack is higher than any nearby shop.,the price of this snack is higher than any nearby shop,True,Snack,High Price,Negative,0.85,0.8,MEDIUM,PRICING REVIEW: Benchmark item cost against student budget guidelines. Consider offering budget-friendly student combos or subsidized staples.
2026-09-28 13:52:33,The cost of the meal is sensible for the quality.,the cost of the meal is sensible for the quality,True,Thali / Meal,General Price Complaint,Positive,0.85,0.8,MEDIUM,FEEDBACK MONITORING: Keep track of customer satisfaction trends and periodically survey student sentiment regarding overall cafeteria value.
2026-09-28 13:52:33,The salad is a bit pricey but still okay.,the salad is a bit pricey but still okay,True,Salad,General Price Complaint,Positive,0.85,0.8,MEDIUM,FEEDBACK MONITORING: Keep track of customer satisfaction trends and periodically survey student sentiment regarding overall cafeteria value.
2026-09-28 13:52:33,The coffee is overpriced for such a small cup.,the coffee is overpriced for such a small cup,True,Coffee,High Price,Negative,0.85,0.8,MEDIUM,PRICING REVIEW: Benchmark item cost against student budget guidelines. Consider offering budget-friendly student combos or subsidized staples.
2026-09-28 13:52:33,The printed price and actual amount differ significantly.,the printed price and actual amount differ significantly,True,General Canteen Food,Price Mismatch,Negative,0.85,0.8,CRITICAL,"URGENT AUDIT REQUIRED: Inspect POS billing registers, cash counters, and verify that physical menu board prices exactly match the billed amounts."
2026-09-28 13:52:33,The increase in price is not justified.,the increase in price is not justified,True,General Canteen Food,Price Increase,Negative,0.85,0.8,MEDIUM,"TRANSPARENCY NOTICE: If prices were recently revised due to inflation or input costs, display an informative notice to students explaining the reasons in advance."
2026-09-28 13:52:33,The cost is acceptable for the restaurant standards.,the cost is acceptable for the restaurant standards,True,General Canteen Food,General Price Complaint,Positive,0.85,0.8,MEDIUM,FEEDBACK MONITORING: Keep track of customer satisfaction trends and periodically survey student sentiment regarding overall cafeteria value.
2026-09-28 13:52:33,The juice is costly for a small glass.,the juice is costly for a small glass,True,Beverage / Juice,High Price,Negative,0.85,0.8,MEDIUM,PRICING REVIEW: Benchmark item cost against student budget guidelines. Consider offering budget-friendly student combos or subsidized staples.
2026-09-28 13:52:33,"The panel says 35, but I paid 49.",the panel says 35 but i paid 49,True,General Canteen Food,Price Mismatch,Negative,0.85,0.8,CRITICAL,"URGENT AUDIT REQUIRED: Inspect POS billing registers, cash counters, and verify that physical menu board prices exactly match the billed amounts."
2026-09-28 13:52:33,I paid more because the price list and billing differed.,i paid more because the price list and billing differed,True,General Canteen Food,Price Mismatch,Negative,0.85,0.8,CRITICAL,"URGENT AUDIT REQUIRED: Inspect POS billing registers, cash counters, and verify that physical menu board prices exactly match the billed amounts."
2026-09-28 13:52:33,The franchise is increasing prices too often.,the franchise is increasing prices too often,True,General Canteen Food,Price Increase,Negative,0.85,0.8,MEDIUM,"TRANSPARENCY NOTICE: If prices were recently revised due to inflation or input costs, display an informative notice to students explaining the reasons in advance."
2026-09-28 13:52:33,The amount of food served is not satisfactory for the price.,the amount of food served is not satisfactory for the price,True,General Food Item,Quantity-Price Concern,Negative,0.85,0.8,MEDIUM,"PORTION AUDIT: Re-evaluate standard kitchen ladle sizes, plate portion weights, and value-to-cost perception for this food item."
2026-09-28 13:52:33,I was overbilled compared to the posted price.,i was overbilled compared to the posted price,True,General Canteen Food,Price Mismatch,Negative,0.85,0.8,CRITICAL,"URGENT AUDIT REQUIRED: Inspect POS billing registers, cash counters, and verify that physical menu board prices exactly match the billed amounts."
2026-09-28 13:52:33,The price of the snack is okay for the portion.,the price of the snack is okay for the portion,True,Snack,General Price Complaint,Positive,0.85,0.8,MEDIUM,FEEDBACK MONITORING: Keep track of customer satisfaction trends and periodically survey student sentiment regarding overall cafeteria value.
2026-09-28 13:52:33,The meal looked tiny for the price we paid.,the meal looked tiny for the price we paid,True,Thali / Meal,Quantity-Price Concern,Negative,0.85,0.8,MEDIUM,"PORTION AUDIT: Re-evaluate standard kitchen ladle sizes, plate portion weights, and value-to-cost perception for this food item."
2026-09-28 13:52:33,The cost of the burger is excessive.,the cost of the burger is excessive,True,Burger,High Price,Negative,0.85,0.8,MEDIUM,PRICING REVIEW: Benchmark item cost against student budget guidelines. Consider offering budget-friendly student combos or subsidized staples.
2026-09-28 13:52:33,The packet price has risen more than expected.,the packet price has risen more than expected,True,General Canteen Food,Price Increase,Negative,0.85,0.8,MEDIUM,"TRANSPARENCY NOTICE: If prices were recently revised due to inflation or input costs, display an informative notice to students explaining the reasons in advance."
2026-09-28 13:52:33,I think the item is underfilled and overpriced.,i think the item is underfilled and overpriced,True,General Food Item,Quantity-Price Concern,Negative,0.85,0.8,MEDIUM,"PORTION AUDIT: Re-evaluate standard kitchen ladle sizes, plate portion weights, and value-to-cost perception for this food item."
2026-09-28 13:52:33,The increase is not justified by any improvement in service.,the increase is not justified by any improvement in service,True,General Canteen Food,Price Increase,Negative,0.85,0.8,MEDIUM,"TRANSPARENCY NOTICE: If prices were recently revised due to inflation or input costs, display an informative notice to students explaining the reasons in advance."
2026-09-28 13:52:33,This portion is smaller than expected at this rate.,this portion is smaller than expected at this rate,True,General Canteen Food,Quantity-Price Concern,Negative,0.85,0.8,MEDIUM,"PORTION AUDIT: Re-evaluate standard kitchen ladle sizes, plate portion weights, and value-to-cost perception for this food item."
2026-09-28 13:52:33,This item is priced well above what it should be.,this item is priced well above what it should be,True,General Food Item,High Price,Negative,0.85,0.8,MEDIUM,PRICING REVIEW: Benchmark item cost against student budget guidelines. Consider offering budget-friendly student combos or subsidized staples.
2026-09-28 13:52:33,I think this menu item is expensive for what it is.,i think this menu item is expensive for what it is,True,General Food Item,General Price Complaint,Negative,0.85,0.8,MEDIUM,FEEDBACK MONITORING: Keep track of customer satisfaction trends and periodically survey student sentiment regarding overall cafeteria value.
2026-09-28 13:52:33,The amount charged does not match the listed price.,the amount charged does not match the listed price,True,General Canteen Food,Price Mismatch,Negative,0.85,0.8,CRITICAL,"URGENT AUDIT REQUIRED: Inspect POS billing registers, cash counters, and verify that physical menu board prices exactly match the billed amounts."
2026-09-28 13:52:33,The food amount is insufficient for the bill amount.,the food amount is insufficient for the bill amount,True,General Food Item,Quantity-Price Concern,Negative,0.85,0.8,MEDIUM,"PORTION AUDIT: Re-evaluate standard kitchen ladle sizes, plate portion weights, and value-to-cost perception for this food item."
2026-09-28 13:52:33,This item is not too expensive compared to market rates.,this item is not too expensive compared to market rates,True,General Food Item,General Price Complaint,Positive,0.85,0.8,MEDIUM,FEEDBACK MONITORING: Keep track of customer satisfaction trends and periodically survey student sentiment regarding overall cafeteria value.
2026-09-28 13:52:33,The poha is not reasonably priced.,the poha is not reasonably priced,True,General Canteen Food,High Price,Negative,0.85,0.8,MEDIUM,PRICING REVIEW: Benchmark item cost against student budget guidelines. Consider offering budget-friendly student combos or subsidized staples.
2026-09-28 13:52:33,The food pricing appears out of line.,the food pricing appears out of line,True,General Food Item,General Price Complaint,Negative,0.85,0.8,MEDIUM,FEEDBACK MONITORING: Keep track of customer satisfaction trends and periodically survey student sentiment regarding overall cafeteria value.
2026-09-28 13:52:33,The item feels overpriced and not customer-friendly.,the item feels overpriced and not customer friendly,True,General Food Item,High Price,Negative,0.85,0.8,MEDIUM,PRICING REVIEW: Benchmark item cost against student budget guidelines. Consider offering budget-friendly student combos or subsidized staples.
2026-09-28 13:52:33,This mismatch made me feel overcharged.,this mismatch made me feel overcharged,True,General Canteen Food,Price Mismatch,Negative,0.85,0.8,CRITICAL,"URGENT AUDIT REQUIRED: Inspect POS billing registers, cash counters, and verify that physical menu board prices exactly match the billed amounts."
2026-09-28 13:52:33,The samosa is priced above market value.,the samosa is priced above market value,True,Samosa,High Price,Negative,0.85,0.8,MEDIUM,PRICING REVIEW: Benchmark item cost against student budget guidelines. Consider offering budget-friendly student combos or subsidized staples.
2026-09-28 13:52:33,I cannot believe the refund is not pleasing due to overpricing.,i cannot believe the refund is not pleasing due to overpricing,True,General Canteen Food,High Price,Negative,0.85,0.8,MEDIUM,PRICING REVIEW: Benchmark item cost against student budget guidelines. Consider offering budget-friendly student combos or subsidized staples.
2026-09-28 13:52:33,The portion size is too small for the cost charged.,the portion size is too small for the cost charged,True,General Canteen Food,Quantity-Price Concern,Negative,0.85,0.8,MEDIUM,"PORTION AUDIT: Re-evaluate standard kitchen ladle sizes, plate portion weights, and value-to-cost perception for this food item."
2026-09-28 13:52:33,This item is now pricier than before and not worth it.,this item is now pricier than before and not worth it,True,General Food Item,Price Increase,Negative,0.85,0.8,MEDIUM,"TRANSPARENCY NOTICE: If prices were recently revised due to inflation or input costs, display an informative notice to students explaining the reasons in advance."
2026-09-28 13:52:33,The pakora price is unreasonable for the portion.,the pakora price is unreasonable for the portion,True,General Canteen Food,High Price,Negative,0.85,0.8,MEDIUM,PRICING REVIEW: Benchmark item cost against student budget guidelines. Consider offering budget-friendly student combos or subsidized staples.
2026-09-28 13:52:33,The bhakri is priced higher than it should be.,the bhakri is priced higher than it should be,True,General Canteen Food,High Price,Negative,0.85,0.8,MEDIUM,PRICING REVIEW: Benchmark item cost against student budget guidelines. Consider offering budget-friendly student combos or subsidized staples.
2026-09-28 13:52:33,I paid more than the price listed on the menu.,i paid more than the price listed on the menu,True,General Canteen Food,Price Mismatch,Negative,0.85,0.8,CRITICAL,"URGENT AUDIT REQUIRED: Inspect POS billing registers, cash counters, and verify that physical menu board prices exactly match the billed amounts."
2026-09-28 13:52:33,The displayed amount was 70 but I paid 85.,the displayed amount was 70 but i paid 85,True,General Canteen Food,Price Mismatch,Negative,0.85,0.8,CRITICAL,"URGENT AUDIT REQUIRED: Inspect POS billing registers, cash counters, and verify that physical menu board prices exactly match the billed amounts."
2026-09-28 13:52:33,The item is more expensive than I expected.,the item is more expensive than i expected,True,General Food Item,General Price Complaint,Negative,0.85,0.8,MEDIUM,FEEDBACK MONITORING: Keep track of customer satisfaction trends and periodically survey student sentiment regarding overall cafeteria value.
2026-09-28 13:52:33,The dosa is expensive and not worth the price.,the dosa is expensive and not worth the price,True,Dosa,High Price,Negative,0.85,0.8,MEDIUM,PRICING REVIEW: Benchmark item cost against student budget guidelines. Consider offering budget-friendly student combos or subsidized staples.
2026-09-28 13:52:33,The cost of the samosa increased considerably.,the cost of the samosa increased considerably,True,Samosa,Price Increase,Negative,0.85,0.8,MEDIUM,"TRANSPARENCY NOTICE: If prices were recently revised due to inflation or input costs, display an informative notice to students explaining the reasons in advance."
2026-09-28 13:52:33,The menu price and the billed amount do not match.,the menu price and the billed amount do not match,True,General Canteen Food,Price Mismatch,Negative,0.85,0.8,CRITICAL,"URGENT AUDIT REQUIRED: Inspect POS billing registers, cash counters, and verify that physical menu board prices exactly match the billed amounts."
2026-09-28 13:52:33,I was charged a premium price but got a small portion.,i was charged a premium price but got a small portion,True,General Canteen Food,Quantity-Price Concern,Negative,0.85,0.8,MEDIUM,"PORTION AUDIT: Re-evaluate standard kitchen ladle sizes, plate portion weights, and value-to-cost perception for this food item."
2026-09-28 13:52:33,The value is not good enough for this price.,the value is not good enough for this price,True,General Canteen Food,General Price Complaint,Negative,0.85,0.8,MEDIUM,FEEDBACK MONITORING: Keep track of customer satisfaction trends and periodically survey student sentiment regarding overall cafeteria value.
2026-09-28 13:52:33,The tea price is rising constantly and it is frustrating.,the tea price is rising constantly and it is frustrating,True,Tea / Chai,Price Increase,Negative,0.85,0.8,MEDIUM,"TRANSPARENCY NOTICE: If prices were recently revised due to inflation or input costs, display an informative notice to students explaining the reasons in advance."
2026-09-28 13:52:33,The food seems costly for ordinary quality.,the food seems costly for ordinary quality,True,General Food Item,General Price Complaint,Negative,0.85,0.8,MEDIUM,FEEDBACK MONITORING: Keep track of customer satisfaction trends and periodically survey student sentiment regarding overall cafeteria value.
2026-09-28 13:52:33,The coffee price is very steep for a small serving.,the coffee price is very steep for a small serving,True,Coffee,High Price,Negative,0.85,0.8,MEDIUM,PRICING REVIEW: Benchmark item cost against student budget guidelines. Consider offering budget-friendly student combos or subsidized staples.
2026-09-28 13:52:33,The amount served is disappointing for the bill.,the amount served is disappointing for the bill,True,General Canteen Food,Quantity-Price Concern,Negative,0.85,0.8,MEDIUM,"PORTION AUDIT: Re-evaluate standard kitchen ladle sizes, plate portion weights, and value-to-cost perception for this food item."
2026-09-28 13:52:33,I was charged 90 though the price list showed 75.,i was charged 90 though the price list showed 75,True,General Canteen Food,Price Mismatch,Negative,0.85,0.8,CRITICAL,"URGENT AUDIT REQUIRED: Inspect POS billing registers, cash counters, and verify that physical menu board prices exactly match the billed amounts."
2026-09-28 13:52:33,The tea has gone up by a huge amount recently.,the tea has gone up by a huge amount recently,True,Tea / Chai,Price Increase,Negative,0.85,0.8,MEDIUM,"TRANSPARENCY NOTICE: If prices were recently revised due to inflation or input costs, display an informative notice to students explaining the reasons in advance."
2026-09-28 13:52:33,The toast costs more than it should.,the toast costs more than it should,True,Sandwich,High Price,Negative,0.85,0.8,MEDIUM,PRICING REVIEW: Benchmark item cost against student budget guidelines. Consider offering budget-friendly student combos or subsidized staples.
2026-09-28 13:52:33,The quantity is insufficient for the amount being charged.,the quantity is insufficient for the amount being charged,True,General Canteen Food,Quantity-Price Concern,Negative,0.85,0.8,MEDIUM,"PORTION AUDIT: Re-evaluate standard kitchen ladle sizes, plate portion weights, and value-to-cost perception for this food item."
2026-09-28 13:52:33,The food portion is not fair for the money.,the food portion is not fair for the money,True,General Food Item,Quantity-Price Concern,Negative,0.85,0.8,MEDIUM,"PORTION AUDIT: Re-evaluate standard kitchen ladle sizes, plate portion weights, and value-to-cost perception for this food item."
2026-09-28 13:52:33,I paid extra but did not get enough food.,i paid extra but did not get enough food,True,General Food Item,Quantity-Price Concern,Negative,0.85,0.8,MEDIUM,"PORTION AUDIT: Re-evaluate standard kitchen ladle sizes, plate portion weights, and value-to-cost perception for this food item."
2026-09-28 13:52:33,"The menu mentioned 45, yet I was charged 60.",the menu mentioned 45 yet i was charged 60,True,General Canteen Food,Price Mismatch,Negative,0.85,0.8,CRITICAL,"URGENT AUDIT REQUIRED: Inspect POS billing registers, cash counters, and verify that physical menu board prices exactly match the billed amounts."
2026-09-28 13:52:33,The price increase on this item is too much.,the price increase on this item is too much,True,General Food Item,Price Increase,Negative,0.85,0.8,MEDIUM,"TRANSPARENCY NOTICE: If prices were recently revised due to inflation or input costs, display an informative notice to students explaining the reasons in advance."
2026-09-28 13:52:33,This pizza slice is overcharged.,this pizza slice is overcharged,True,Pizza,High Price,Negative,0.85,0.8,MEDIUM,PRICING REVIEW: Benchmark item cost against student budget guidelines. Consider offering budget-friendly student combos or subsidized staples.
2026-09-28 13:52:33,The menu price is 50 but the receipt says 68.,the menu price is 50 but the receipt says 68,True,General Canteen Food,Price Mismatch,Negative,0.85,0.8,CRITICAL,"URGENT AUDIT REQUIRED: Inspect POS billing registers, cash counters, and verify that physical menu board prices exactly match the billed amounts."
2026-09-28 13:52:33,I do not think this product is worth that price.,i do not think this product is worth that price,True,General Canteen Food,High Price,Negative,0.85,0.8,MEDIUM,PRICING REVIEW: Benchmark item cost against student budget guidelines. Consider offering budget-friendly student combos or subsidized staples.
2026-09-28 13:52:33,The quantity is poor and not proportionate to the amount.,the quantity is poor and not proportionate to the amount,True,General Canteen Food,Quantity-Price Concern,Negative,0.85,0.8,MEDIUM,"PORTION AUDIT: Re-evaluate standard kitchen ladle sizes, plate portion weights, and value-to-cost perception for this food item."
2026-09-28 13:52:33,The counter price was different from the bill amount.,the counter price was different from the bill amount,True,General Canteen Food,Price Mismatch,Negative,0.85,0.8,CRITICAL,"URGENT AUDIT REQUIRED: Inspect POS billing registers, cash counters, and verify that physical menu board prices exactly match the billed amounts."
2026-09-28 13:52:33,The item is over-priced compared to the market.,the item is over priced compared to the market,True,General Food Item,High Price,Negative,0.85,0.8,MEDIUM,PRICING REVIEW: Benchmark item cost against student budget guidelines. Consider offering budget-friendly student combos or subsidized staples.
2026-09-28 13:52:33,I got a half portion for a high price.,i got a half portion for a high price,True,General Canteen Food,Quantity-Price Concern,Negative,0.85,0.8,MEDIUM,"PORTION AUDIT: Re-evaluate standard kitchen ladle sizes, plate portion weights, and value-to-cost perception for this food item."
2026-09-28 13:52:33,The cost increase is hard to accept for a simple meal.,the cost increase is hard to accept for a simple meal,True,Thali / Meal,Price Increase,Negative,0.85,0.8,MEDIUM,"TRANSPARENCY NOTICE: If prices were recently revised due to inflation or input costs, display an informative notice to students explaining the reasons in advance."
2026-09-28 13:52:33,I think the tea is priced appropriately.,i think the tea is priced appropriately,True,Tea / Chai,General Price Complaint,Positive,0.85,0.8,MEDIUM,FEEDBACK MONITORING: Keep track of customer satisfaction trends and periodically survey student sentiment regarding overall cafeteria value.
2026-09-28 13:52:33,I cannot accept the recent hike in pricing.,i cannot accept the recent hike in pricing,True,General Canteen Food,Price Increase,Negative,0.85,0.8,MEDIUM,"TRANSPARENCY NOTICE: If prices were recently revised due to inflation or input costs, display an informative notice to students explaining the reasons in advance."
2026-09-28 13:52:33,The price seems inflated for a basic product.,the price seems inflated for a basic product,True,General Canteen Food,General Price Complaint,Negative,0.85,0.8,MEDIUM,FEEDBACK MONITORING: Keep track of customer satisfaction trends and periodically survey student sentiment regarding overall cafeteria value.
2026-09-28 13:52:33,"The receipt says 200, but the price tag was 170.",the receipt says 200 but the price tag was 170,True,General Canteen Food,Price Mismatch,Negative,0.85,0.8,CRITICAL,"URGENT AUDIT REQUIRED: Inspect POS billing registers, cash counters, and verify that physical menu board prices exactly match the billed amounts."
2026-09-28 13:52:33,The same snack costs more every time I visit.,the same snack costs more every time i visit,True,Snack,Price Increase,Negative,0.85,0.8,MEDIUM,"TRANSPARENCY NOTICE: If prices were recently revised due to inflation or input costs, display an informative notice to students explaining the reasons in advance."
2026-09-28 13:52:33,The change in price is unexpected and disappointing.,the change in price is unexpected and disappointing,True,General Canteen Food,Price Increase,Negative,0.85,0.8,MEDIUM,"TRANSPARENCY NOTICE: If prices were recently revised due to inflation or input costs, display an informative notice to students explaining the reasons in advance."
2026-09-28 13:52:33,The item feels like a very small quantity for the price.,the item feels like a very small quantity for the price,True,General Food Item,Quantity-Price Concern,Negative,0.85,0.8,MEDIUM,"PORTION AUDIT: Re-evaluate standard kitchen ladle sizes, plate portion weights, and value-to-cost perception for this food item."
2026-09-28 13:52:33,The offer seems unfair because the portion is too small.,the offer seems unfair because the portion is too small,True,General Canteen Food,Quantity-Price Concern,Negative,0.85,0.8,MEDIUM,"PORTION AUDIT: Re-evaluate standard kitchen ladle sizes, plate portion weights, and value-to-cost perception for this food item."
2026-09-28 13:52:33,The snack costs more than it should.,the snack costs more than it should,True,Snack,High Price,Negative,0.85,0.8,MEDIUM,PRICING REVIEW: Benchmark item cost against student budget guidelines. Consider offering budget-friendly student combos or subsidized staples.
2026-09-28 13:52:33,The serving size is very limited for the expense.,the serving size is very limited for the expense,True,General Canteen Food,Quantity-Price Concern,Negative,0.85,0.8,MEDIUM,"PORTION AUDIT: Re-evaluate standard kitchen ladle sizes, plate portion weights, and value-to-cost perception for this food item."
2026-09-28 13:52:33,The panel shows increased pricing for familiar items.,the panel shows increased pricing for familiar items,True,General Canteen Food,Price Increase,Negative,0.85,0.8,MEDIUM,"TRANSPARENCY NOTICE: If prices were recently revised due to inflation or input costs, display an informative notice to students explaining the reasons in advance."
2026-09-28 13:52:33,The price is not justified for this meal.,the price is not justified for this meal,True,Thali / Meal,General Price Complaint,Negative,0.85,0.8,MEDIUM,FEEDBACK MONITORING: Keep track of customer satisfaction trends and periodically survey student sentiment regarding overall cafeteria value.
2026-09-28 13:52:33,The noodles cost too much for the size of the serving.,the noodles cost too much for the size of the serving,True,Noodles,High Price,Negative,0.85,0.8,MEDIUM,PRICING REVIEW: Benchmark item cost against student budget guidelines. Consider offering budget-friendly student combos or subsidized staples.
2026-09-28 13:52:33,The amount served is not enough for what we paid.,the amount served is not enough for what we paid,True,General Canteen Food,Quantity-Price Concern,Negative,0.85,0.8,MEDIUM,"PORTION AUDIT: Re-evaluate standard kitchen ladle sizes, plate portion weights, and value-to-cost perception for this food item."
2026-09-28 13:52:33,I am upset that the price went up so suddenly.,i am upset that the price went up so suddenly,True,General Canteen Food,Price Increase,Negative,0.85,0.8,MEDIUM,"TRANSPARENCY NOTICE: If prices were recently revised due to inflation or input costs, display an informative notice to students explaining the reasons in advance."
2026-09-28 13:52:33,The burger costs more than it should and feels overpriced.,the burger costs more than it should and feels overpriced,True,Burger,High Price,Negative,0.85,0.8,MEDIUM,PRICING REVIEW: Benchmark item cost against student budget guidelines. Consider offering budget-friendly student combos or subsidized staples.
2026-09-28 13:52:33,The item became significantly more expensive overnight.,the item became significantly more expensive overnight,True,General Food Item,Price Increase,Negative,0.85,0.8,MEDIUM,"TRANSPARENCY NOTICE: If prices were recently revised due to inflation or input costs, display an informative notice to students explaining the reasons in advance."
2026-09-28 13:52:33,I was shocked by the high price of the sandwich.,i was shocked by the high price of the sandwich,True,Sandwich,High Price,Negative,0.85,0.8,MEDIUM,PRICING REVIEW: Benchmark item cost against student budget guidelines. Consider offering budget-friendly student combos or subsidized staples.
2026-09-28 13:52:33,The snack price has jumped significantly in recent days.,the snack price has jumped significantly in recent days,True,Snack,Price Increase,Negative,0.85,0.8,MEDIUM,"TRANSPARENCY NOTICE: If prices were recently revised due to inflation or input costs, display an informative notice to students explaining the reasons in advance."
2026-09-28 13:52:33,This is a fair price for a fresh and tasty item.,this is a fair price for a fresh and tasty item,True,General Food Item,General Price Complaint,Positive,0.85,0.8,MEDIUM,FEEDBACK MONITORING: Keep track of customer satisfaction trends and periodically survey student sentiment regarding overall cafeteria value.
2026-09-28 13:52:33,The sandwich price has increased and it affects affordability.,the sandwich price has increased and it affects affordability,True,Sandwich,Price Increase,Negative,0.85,0.8,MEDIUM,"TRANSPARENCY NOTICE: If prices were recently revised due to inflation or input costs, display an informative notice to students explaining the reasons in advance."
2026-09-28 13:52:33,The actual bill does not agree with the menu price.,the actual bill does not agree with the menu price,True,General Canteen Food,Price Mismatch,Negative,0.85,0.8,CRITICAL,"URGENT AUDIT REQUIRED: Inspect POS billing registers, cash counters, and verify that physical menu board prices exactly match the billed amounts."
2026-09-28 13:52:33,The coffee is a fair price for a good cup.,the coffee is a fair price for a good cup,True,Coffee,General Price Complaint,Positive,0.85,0.8,MEDIUM,FEEDBACK MONITORING: Keep track of customer satisfaction trends and periodically survey student sentiment regarding overall cafeteria value.
2026-09-28 13:52:33,The price of this food is normal and fair.,the price of this food is normal and fair,True,General Food Item,General Price Complaint,Positive,0.85,0.8,MEDIUM,FEEDBACK MONITORING: Keep track of customer satisfaction trends and periodically survey student sentiment regarding overall cafeteria value.
2026-09-28 13:52:33,The serving size is tiny and not fair for this cost.,the serving size is tiny and not fair for this cost,True,General Canteen Food,Quantity-Price Concern,Negative,0.85,0.8,MEDIUM,"PORTION AUDIT: Re-evaluate standard kitchen ladle sizes, plate portion weights, and value-to-cost perception for this food item."
2026-09-28 13:52:33,The price has increased by a lot compared to last time.,the price has increased by a lot compared to last time,True,General Canteen Food,Price Increase,Negative,0.85,0.8,MEDIUM,"TRANSPARENCY NOTICE: If prices were recently revised due to inflation or input costs, display an informative notice to students explaining the reasons in advance."
2026-09-28 13:52:33,I noticed the burger price increased recently.,i noticed the burger price increased recently,True,Burger,Price Increase,Negative,0.85,0.8,MEDIUM,"TRANSPARENCY NOTICE: If prices were recently revised due to inflation or input costs, display an informative notice to students explaining the reasons in advance."
2026-09-28 13:52:33,The sandwich costs a little more but still feels justified.,the sandwich costs a little more but still feels justified,True,Sandwich,General Price Complaint,Positive,0.85,0.8,MEDIUM,FEEDBACK MONITORING: Keep track of customer satisfaction trends and periodically survey student sentiment regarding overall cafeteria value.
2026-09-28 13:52:33,The quantity is very limited considering the cost.,the quantity is very limited considering the cost,True,General Canteen Food,Quantity-Price Concern,Negative,0.85,0.8,MEDIUM,"PORTION AUDIT: Re-evaluate standard kitchen ladle sizes, plate portion weights, and value-to-cost perception for this food item."
2026-09-28 13:52:33,The dosa feels overpriced and disappointing.,the dosa feels overpriced and disappointing,True,Dosa,High Price,Negative,0.85,0.8,MEDIUM,PRICING REVIEW: Benchmark item cost against student budget guidelines. Consider offering budget-friendly student combos or subsidized staples.
2026-09-28 13:52:33,This item has become dearer without added value.,this item has become dearer without added value,True,General Food Item,Price Increase,Negative,0.85,0.8,MEDIUM,"TRANSPARENCY NOTICE: If prices were recently revised due to inflation or input costs, display an informative notice to students explaining the reasons in advance."
2026-09-28 13:52:33,This item has become more expensive without any improvement.,this item has become more expensive without any improvement,True,General Food Item,Price Increase,Negative,0.85,0.8,MEDIUM,"TRANSPARENCY NOTICE: If prices were recently revised due to inflation or input costs, display an informative notice to students explaining the reasons in advance."
2026-09-28 13:52:33,The price feels high even though the taste is average.,the price feels high even though the taste is average,True,General Canteen Food,General Price Complaint,Negative,0.85,0.8,MEDIUM,FEEDBACK MONITORING: Keep track of customer satisfaction trends and periodically survey student sentiment regarding overall cafeteria value.
2026-09-28 13:52:33,The coffee is worth the price paid.,the coffee is worth the price paid,True,Coffee,General Price Complaint,Positive,0.85,0.8,MEDIUM,FEEDBACK MONITORING: Keep track of customer satisfaction trends and periodically survey student sentiment regarding overall cafeteria value.
2026-09-28 13:52:33,I think the cost is more than expected here.,i think the cost is more than expected here,True,General Canteen Food,General Price Complaint,Negative,0.85,0.8,MEDIUM,FEEDBACK MONITORING: Keep track of customer satisfaction trends and periodically survey student sentiment regarding overall cafeteria value.
2026-09-28 13:52:33,Prices are increasing but the service has not improved.,prices are increasing but the service has not improved,True,General Canteen Food,Price Increase,Negative,0.85,0.8,MEDIUM,"TRANSPARENCY NOTICE: If prices were recently revised due to inflation or input costs, display an informative notice to students explaining the reasons in advance."
2026-09-28 13:52:33,The tag says 20 but I was charged 30.,the tag says 20 but i was charged 30,True,General Canteen Food,Price Mismatch,Negative,0.85,0.8,CRITICAL,"URGENT AUDIT REQUIRED: Inspect POS billing registers, cash counters, and verify that physical menu board prices exactly match the billed amounts."
2026-09-28 13:52:33,The price of the burger increased from last week.,the price of the burger increased from last week,True,Burger,Price Increase,Negative,0.85,0.8,MEDIUM,"TRANSPARENCY NOTICE: If prices were recently revised due to inflation or input costs, display an informative notice to students explaining the reasons in advance."
2026-09-28 13:52:33,The samosa is priced reasonably for the portion size.,the samosa is priced reasonably for the portion size,True,Samosa,General Price Complaint,Positive,0.85,0.8,MEDIUM,FEEDBACK MONITORING: Keep track of customer satisfaction trends and periodically survey student sentiment regarding overall cafeteria value.
2026-09-28 13:52:33,Very little product for the price they ask.,very little product for the price they ask,True,General Canteen Food,Quantity-Price Concern,Negative,0.85,0.8,MEDIUM,"PORTION AUDIT: Re-evaluate standard kitchen ladle sizes, plate portion weights, and value-to-cost perception for this food item."
2026-09-28 13:52:33,The price of coffee has increased again this week.,the price of coffee has increased again this week,True,Coffee,Price Increase,Negative,0.85,0.8,MEDIUM,"TRANSPARENCY NOTICE: If prices were recently revised due to inflation or input costs, display an informative notice to students explaining the reasons in advance."
2026-09-28 13:52:33,"I expected to pay 80, but I was charged 95.",i expected to pay 80 but i was charged 95,True,General Canteen Food,Price Mismatch,Negative,0.85,0.8,CRITICAL,"URGENT AUDIT REQUIRED: Inspect POS billing registers, cash counters, and verify that physical menu board prices exactly match the billed amounts."
2026-09-28 13:52:33,The receipt price is incorrect compared to the menu.,the receipt price is incorrect compared to the menu,True,General Canteen Food,Price Mismatch,Negative,0.85,0.8,CRITICAL,"URGENT AUDIT REQUIRED: Inspect POS billing registers, cash counters, and verify that physical menu board prices exactly match the billed amounts."
2026-09-28 13:52:33,The combo meal is reasonably priced.,the combo meal is reasonably priced,True,Thali / Meal,General Price Complaint,Positive,0.85,0.8,MEDIUM,FEEDBACK MONITORING: Keep track of customer satisfaction trends and periodically survey student sentiment regarding overall cafeteria value.
2026-09-28 13:52:33,The coffee now costs more than before for the same cup.,the coffee now costs more than before for the same cup,True,Coffee,Price Increase,Negative,0.85,0.8,MEDIUM,"TRANSPARENCY NOTICE: If prices were recently revised due to inflation or input costs, display an informative notice to students explaining the reasons in advance."
2026-09-28 13:52:33,The package is tiny but still charged at a premium.,the package is tiny but still charged at a premium,True,General Canteen Food,Quantity-Price Concern,Negative,0.85,0.8,MEDIUM,"PORTION AUDIT: Re-evaluate standard kitchen ladle sizes, plate portion weights, and value-to-cost perception for this food item."
2026-09-28 13:52:33,It feels like the price went up while quality stayed the same.,it feels like the price went up while quality stayed the same,True,General Canteen Food,Price Increase,Negative,0.85,0.8,MEDIUM,"TRANSPARENCY NOTICE: If prices were recently revised due to inflation or input costs, display an informative notice to students explaining the reasons in advance."
2026-09-28 13:52:33,The increase in snack prices is becoming unfair.,the increase in snack prices is becoming unfair,True,Snack,Price Increase,Negative,0.85,0.8,MEDIUM,"TRANSPARENCY NOTICE: If prices were recently revised due to inflation or input costs, display an informative notice to students explaining the reasons in advance."
2026-09-28 13:52:33,It seems the shop has raised the price again.,it seems the shop has raised the price again,True,General Canteen Food,Price Increase,Negative,0.85,0.8,MEDIUM,"TRANSPARENCY NOTICE: If prices were recently revised due to inflation or input costs, display an informative notice to students explaining the reasons in advance."
2026-09-28 13:52:33,The final amount did not match what was displayed earlier.,the final amount did not match what was displayed earlier,True,General Canteen Food,Price Mismatch,Negative,0.85,0.8,CRITICAL,"URGENT AUDIT REQUIRED: Inspect POS billing registers, cash counters, and verify that physical menu board prices exactly match the billed amounts."
2026-09-28 13:52:33,The burger charges are too high for a basic item.,the burger charges are too high for a basic item,True,Burger,High Price,Negative,0.85,0.8,MEDIUM,PRICING REVIEW: Benchmark item cost against student budget guidelines. Consider offering budget-friendly student combos or subsidized staples.
2026-09-28 13:52:33,I was charged a higher amount than what was shown earlier.,i was charged a higher amount than what was shown earlier,True,General Canteen Food,Price Mismatch,Negative,0.85,0.8,CRITICAL,"URGENT AUDIT REQUIRED: Inspect POS billing registers, cash counters, and verify that physical menu board prices exactly match the billed amounts."
2026-09-28 13:52:33,The product is too small relative to what I paid.,the product is too small relative to what i paid,True,General Canteen Food,Quantity-Price Concern,Negative,0.85,0.8,MEDIUM,"PORTION AUDIT: Re-evaluate standard kitchen ladle sizes, plate portion weights, and value-to-cost perception for this food item."
2026-09-28 13:52:33,The cost does not match the actual quantity served.,the cost does not match the actual quantity served,True,General Canteen Food,Quantity-Price Concern,Negative,0.85,0.8,MEDIUM,"PORTION AUDIT: Re-evaluate standard kitchen ladle sizes, plate portion weights, and value-to-cost perception for this food item."
2026-09-28 13:52:33,The bill got higher than the price board at the counter.,the bill got higher than the price board at the counter,True,General Canteen Food,Price Mismatch,Negative,0.85,0.8,CRITICAL,"URGENT AUDIT REQUIRED: Inspect POS billing registers, cash counters, and verify that physical menu board prices exactly match the billed amounts."
2026-09-28 13:52:33,The expense for the sandwich is unnecessarily high.,the expense for the sandwich is unnecessarily high,True,Sandwich,High Price,Negative,0.85,0.8,MEDIUM,PRICING REVIEW: Benchmark item cost against student budget guidelines. Consider offering budget-friendly student combos or subsidized staples.
2026-09-28 13:52:33,The quantity is not enough for the price charged.,the quantity is not enough for the price charged,True,General Canteen Food,Quantity-Price Concern,Negative,0.85,0.8,MEDIUM,"PORTION AUDIT: Re-evaluate standard kitchen ladle sizes, plate portion weights, and value-to-cost perception for this food item."
2026-09-28 13:52:33,This menu item is a little expensive overall.,this menu item is a little expensive overall,True,General Food Item,General Price Complaint,Negative,0.85,0.8,MEDIUM,FEEDBACK MONITORING: Keep track of customer satisfaction trends and periodically survey student sentiment regarding overall cafeteria value.
2026-09-28 13:52:33,The quantity and price feel balanced here.,the quantity and price feel balanced here,True,General Canteen Food,General Price Complaint,Positive,0.85,0.8,MEDIUM,FEEDBACK MONITORING: Keep track of customer satisfaction trends and periodically survey student sentiment regarding overall cafeteria value.
2026-09-28 13:52:33,The item used to be affordable but is now too expensive.,the item used to be affordable but is now too expensive,True,General Food Item,Price Increase,Negative,0.85,0.8,MEDIUM,"TRANSPARENCY NOTICE: If prices were recently revised due to inflation or input costs, display an informative notice to students explaining the reasons in advance."
2026-09-28 13:52:33,The tea is reasonably priced for a caf?.,the tea is reasonably priced for a caf,True,Tea / Chai,General Price Complaint,Positive,0.85,0.8,MEDIUM,FEEDBACK MONITORING: Keep track of customer satisfaction trends and periodically survey student sentiment regarding overall cafeteria value.
2026-09-28 13:52:33,The price is not consistent with the quality.,the price is not consistent with the quality,True,General Canteen Food,General Price Complaint,Negative,0.85,0.8,MEDIUM,FEEDBACK MONITORING: Keep track of customer satisfaction trends and periodically survey student sentiment regarding overall cafeteria value.
2026-09-28 13:52:33,The recent increase in pricing feels excessive.,the recent increase in pricing feels excessive,True,General Canteen Food,Price Increase,Negative,0.85,0.8,MEDIUM,"TRANSPARENCY NOTICE: If prices were recently revised due to inflation or input costs, display an informative notice to students explaining the reasons in advance."
2026-09-28 13:52:33,I expected to pay 80 but was charged 100.,i expected to pay 80 but was charged 100,True,General Canteen Food,Price Mismatch,Negative,0.85,0.8,CRITICAL,"URGENT AUDIT REQUIRED: Inspect POS billing registers, cash counters, and verify that physical menu board prices exactly match the billed amounts."
2026-09-28 13:52:33,The khichdi is expensive for a simple meal.,the khichdi is expensive for a simple meal,True,Thali / Meal,High Price,Negative,0.85,0.8,MEDIUM,PRICING REVIEW: Benchmark item cost against student budget guidelines. Consider offering budget-friendly student combos or subsidized staples.
2026-09-28 13:52:33,The advertised amount and transaction amount do not agree.,the advertised amount and transaction amount do not agree,True,General Canteen Food,Price Mismatch,Negative,0.85,0.8,CRITICAL,"URGENT AUDIT REQUIRED: Inspect POS billing registers, cash counters, and verify that physical menu board prices exactly match the billed amounts."
2026-09-28 13:52:33,I was charged 120 despite seeing 100 on the menu.,i was charged 120 despite seeing 100 on the menu,True,General Canteen Food,Price Mismatch,Negative,0.85,0.8,CRITICAL,"URGENT AUDIT REQUIRED: Inspect POS billing registers, cash counters, and verify that physical menu board prices exactly match the billed amounts."
2026-09-28 13:52:33,The portion size is not worth the money.,the portion size is not worth the money,True,General Canteen Food,Quantity-Price Concern,Negative,0.85,0.8,MEDIUM,"PORTION AUDIT: Re-evaluate standard kitchen ladle sizes, plate portion weights, and value-to-cost perception for this food item."
2026-09-28 13:52:33,The quantity is too little to justify the price.,the quantity is too little to justify the price,True,General Canteen Food,Quantity-Price Concern,Negative,0.85,0.8,MEDIUM,"PORTION AUDIT: Re-evaluate standard kitchen ladle sizes, plate portion weights, and value-to-cost perception for this food item."
2026-09-28 13:52:33,I was charged extra because the final bill exceeded the listed price.,i was charged extra because the final bill exceeded the listed price,True,General Canteen Food,Price Mismatch,Negative,0.85,0.8,CRITICAL,"URGENT AUDIT REQUIRED: Inspect POS billing registers, cash counters, and verify that physical menu board prices exactly match the billed amounts."
2026-09-28 13:52:33,The bag had very little content for this cost.,the bag had very little content for this cost,True,General Canteen Food,Quantity-Price Concern,Negative,0.85,0.8,MEDIUM,"PORTION AUDIT: Re-evaluate standard kitchen ladle sizes, plate portion weights, and value-to-cost perception for this food item."
2026-09-28 13:52:33,The chai becomes more expensive every month.,the chai becomes more expensive every month,True,Tea / Chai,Price Increase,Negative,0.85,0.8,MEDIUM,"TRANSPARENCY NOTICE: If prices were recently revised due to inflation or input costs, display an informative notice to students explaining the reasons in advance."
2026-09-28 13:52:33,The sandwich is over-pricing customers.,the sandwich is over pricing customers,True,Sandwich,High Price,Negative,0.85,0.8,MEDIUM,PRICING REVIEW: Benchmark item cost against student budget guidelines. Consider offering budget-friendly student combos or subsidized staples.
2026-09-28 13:52:34,The cost is too high for simple ingredients.,the cost is too high for simple ingredients,True,General Canteen Food,General Price Complaint,Negative,0.85,0.8,MEDIUM,FEEDBACK MONITORING: Keep track of customer satisfaction trends and periodically survey student sentiment regarding overall cafeteria value.
2026-09-28 13:52:34,I found the menu pricing a bit unreasonable.,i found the menu pricing a bit unreasonable,True,General Canteen Food,General Price Complaint,Negative,0.85,0.8,MEDIUM,FEEDBACK MONITORING: Keep track of customer satisfaction trends and periodically survey student sentiment regarding overall cafeteria value.
2026-09-28 13:52:34,The snack is tiny for the money charged.,the snack is tiny for the money charged,True,Snack,Quantity-Price Concern,Negative,0.85,0.8,MEDIUM,"PORTION AUDIT: Re-evaluate standard kitchen ladle sizes, plate portion weights, and value-to-cost perception for this food item."
2026-09-28 13:52:34,I was charged more than the menu stated.,i was charged more than the menu stated,True,General Canteen Food,Price Mismatch,Negative,0.85,0.8,CRITICAL,"URGENT AUDIT REQUIRED: Inspect POS billing registers, cash counters, and verify that physical menu board prices exactly match the billed amounts."
2026-09-28 13:52:34,The menu is charging a premium without premium quality.,the menu is charging a premium without premium quality,True,General Canteen Food,High Price,Negative,0.85,0.8,MEDIUM,PRICING REVIEW: Benchmark item cost against student budget guidelines. Consider offering budget-friendly student combos or subsidized staples.
2026-09-28 13:52:34,The soup price is too much for the quantity.,the soup price is too much for the quantity,True,Soup,High Price,Negative,0.85,0.8,MEDIUM,PRICING REVIEW: Benchmark item cost against student budget guidelines. Consider offering budget-friendly student combos or subsidized staples.
2026-09-28 13:52:34,I paid 55 for a snack that was advertised at 40.,i paid 55 for a snack that was advertised at 40,True,Snack,Price Mismatch,Negative,0.85,0.8,CRITICAL,"URGENT AUDIT REQUIRED: Inspect POS billing registers, cash counters, and verify that physical menu board prices exactly match the billed amounts."
2026-09-28 13:52:34,The menu prices are normal and customer-friendly.,the menu prices are normal and customer friendly,True,General Canteen Food,General Price Complaint,Positive,0.85,0.8,MEDIUM,FEEDBACK MONITORING: Keep track of customer satisfaction trends and periodically survey student sentiment regarding overall cafeteria value.
2026-09-28 13:52:34,The item is too small relative to the price tag.,the item is too small relative to the price tag,True,General Food Item,Quantity-Price Concern,Negative,0.85,0.8,MEDIUM,"PORTION AUDIT: Re-evaluate standard kitchen ladle sizes, plate portion weights, and value-to-cost perception for this food item."
2026-09-28 13:52:34,This meal is too little for the amount we paid.,this meal is too little for the amount we paid,True,Thali / Meal,Quantity-Price Concern,Negative,0.85,0.8,MEDIUM,"PORTION AUDIT: Re-evaluate standard kitchen ladle sizes, plate portion weights, and value-to-cost perception for this food item."
2026-09-28 13:52:34,The price hike is causing discomfort for regular customers.,the price hike is causing discomfort for regular customers,True,General Canteen Food,Price Increase,Negative,0.85,0.8,MEDIUM,"TRANSPARENCY NOTICE: If prices were recently revised due to inflation or input costs, display an informative notice to students explaining the reasons in advance."
2026-09-28 13:52:34,The pizza is too expensive for the taste and size.,the pizza is too expensive for the taste and size,True,Pizza,High Price,Negative,0.85,0.8,MEDIUM,PRICING REVIEW: Benchmark item cost against student budget guidelines. Consider offering budget-friendly student combos or subsidized staples.
2026-09-28 13:52:34,This is not enough quantity for this rate.,this is not enough quantity for this rate,True,General Canteen Food,Quantity-Price Concern,Negative,0.85,0.8,MEDIUM,"PORTION AUDIT: Re-evaluate standard kitchen ladle sizes, plate portion weights, and value-to-cost perception for this food item."
2026-09-28 13:52:34,The meal is too expensive for the serving.,the meal is too expensive for the serving,True,Thali / Meal,High Price,Negative,0.85,0.8,MEDIUM,PRICING REVIEW: Benchmark item cost against student budget guidelines. Consider offering budget-friendly student combos or subsidized staples.
2026-09-28 13:52:34,The sandwich is getting more expensive every visit.,the sandwich is getting more expensive every visit,True,Sandwich,Price Increase,Negative,0.85,0.8,MEDIUM,"TRANSPARENCY NOTICE: If prices were recently revised due to inflation or input costs, display an informative notice to students explaining the reasons in advance."
2026-09-28 13:52:34,The price has increased without any explanation.,the price has increased without any explanation,True,General Canteen Food,Price Increase,Negative,0.85,0.8,MEDIUM,"TRANSPARENCY NOTICE: If prices were recently revised due to inflation or input costs, display an informative notice to students explaining the reasons in advance."
2026-09-28 13:52:34,The price of the sandwich is too high to justify.,the price of the sandwich is too high to justify,True,Sandwich,High Price,Negative,0.85,0.8,MEDIUM,PRICING REVIEW: Benchmark item cost against student budget guidelines. Consider offering budget-friendly student combos or subsidized staples.
2026-09-28 13:52:34,The final bill was higher than the menu price.,the final bill was higher than the menu price,True,General Canteen Food,Price Mismatch,Negative,0.85,0.8,CRITICAL,"URGENT AUDIT REQUIRED: Inspect POS billing registers, cash counters, and verify that physical menu board prices exactly match the billed amounts."
2026-09-28 13:52:34,The burger is not overpriced and tastes good.,the burger is not overpriced and tastes good,True,Burger,General Price Complaint,Positive,0.85,0.8,MEDIUM,FEEDBACK MONITORING: Keep track of customer satisfaction trends and periodically survey student sentiment regarding overall cafeteria value.
2026-09-28 13:52:34,The quantity is not enough to justify the cost.,the quantity is not enough to justify the cost,True,General Canteen Food,Quantity-Price Concern,Negative,0.85,0.8,MEDIUM,"PORTION AUDIT: Re-evaluate standard kitchen ladle sizes, plate portion weights, and value-to-cost perception for this food item."
2026-09-28 13:52:34,We received very little food for the amount we paid.,we received very little food for the amount we paid,True,General Food Item,Quantity-Price Concern,Negative,0.85,0.8,MEDIUM,"PORTION AUDIT: Re-evaluate standard kitchen ladle sizes, plate portion weights, and value-to-cost perception for this food item."
2026-09-28 13:52:34,The curry price is unreasonable for the portion.,the curry price is unreasonable for the portion,True,General Canteen Food,High Price,Negative,0.85,0.8,MEDIUM,PRICING REVIEW: Benchmark item cost against student budget guidelines. Consider offering budget-friendly student combos or subsidized staples.
2026-09-28 13:52:34,The item was undersized for the price we paid.,the item was undersized for the price we paid,True,General Food Item,Quantity-Price Concern,Negative,0.85,0.8,MEDIUM,"PORTION AUDIT: Re-evaluate standard kitchen ladle sizes, plate portion weights, and value-to-cost perception for this food item."
2026-09-28 13:52:34,This meal is not affordable at the current rate.,this meal is not affordable at the current rate,True,Thali / Meal,General Price Complaint,Negative,0.85,0.8,MEDIUM,FEEDBACK MONITORING: Keep track of customer satisfaction trends and periodically survey student sentiment regarding overall cafeteria value.
2026-09-28 13:52:34,The size of the item is disappointing relative to the price.,the size of the item is disappointing relative to the price,True,General Food Item,Quantity-Price Concern,Negative,0.85,0.8,MEDIUM,"PORTION AUDIT: Re-evaluate standard kitchen ladle sizes, plate portion weights, and value-to-cost perception for this food item."
2026-09-28 13:52:34,I was asked to pay 75 when the menu displayed 60.,i was asked to pay 75 when the menu displayed 60,True,General Canteen Food,Price Mismatch,Negative,0.85,0.8,CRITICAL,"URGENT AUDIT REQUIRED: Inspect POS billing registers, cash counters, and verify that physical menu board prices exactly match the billed amounts."
2026-09-28 13:52:34,The item was priced 35 on the board but cost 50 at billing.,the item was priced 35 on the board but cost 50 at billing,True,General Food Item,Price Mismatch,Negative,0.85,0.8,CRITICAL,"URGENT AUDIT REQUIRED: Inspect POS billing registers, cash counters, and verify that physical menu board prices exactly match the billed amounts."
2026-09-28 13:52:34,The item feels slightly costly for the satisfaction.,the item feels slightly costly for the satisfaction,True,General Food Item,General Price Complaint,Negative,0.85,0.8,MEDIUM,FEEDBACK MONITORING: Keep track of customer satisfaction trends and periodically survey student sentiment regarding overall cafeteria value.
2026-09-28 13:52:34,The amount served is too small for the amount charged.,the amount served is too small for the amount charged,True,General Canteen Food,Quantity-Price Concern,Negative,0.85,0.8,MEDIUM,"PORTION AUDIT: Re-evaluate standard kitchen ladle sizes, plate portion weights, and value-to-cost perception for this food item."
2026-09-28 13:52:34,The portion and price do not feel balanced.,the portion and price do not feel balanced,True,General Canteen Food,General Price Complaint,Negative,0.85,0.8,MEDIUM,FEEDBACK MONITORING: Keep track of customer satisfaction trends and periodically survey student sentiment regarding overall cafeteria value.
2026-09-28 13:52:34,The sticker said 90 but the bill is 115.,the sticker said 90 but the bill is 115,True,General Canteen Food,Price Mismatch,Negative,0.85,0.8,CRITICAL,"URGENT AUDIT REQUIRED: Inspect POS billing registers, cash counters, and verify that physical menu board prices exactly match the billed amounts."
2026-09-28 13:52:34,I think the chai is priced too high compared to other shops.,i think the chai is priced too high compared to other shops,True,Tea / Chai,High Price,Negative,0.85,0.8,MEDIUM,PRICING REVIEW: Benchmark item cost against student budget guidelines. Consider offering budget-friendly student combos or subsidized staples.
2026-09-28 13:52:34,The burger price is fair for the quality and quantity.,the burger price is fair for the quality and quantity,True,Burger,General Price Complaint,Positive,0.85,0.8,MEDIUM,FEEDBACK MONITORING: Keep track of customer satisfaction trends and periodically survey student sentiment regarding overall cafeteria value.
2026-09-28 13:52:34,The price of the sandwich is higher than it was last week.,the price of the sandwich is higher than it was last week,True,Sandwich,Price Increase,Negative,0.85,0.8,MEDIUM,"TRANSPARENCY NOTICE: If prices were recently revised due to inflation or input costs, display an informative notice to students explaining the reasons in advance."
2026-09-28 13:52:34,I paid 50 instead of the listed 42 for the item.,i paid 50 instead of the listed 42 for the item,True,General Food Item,Price Mismatch,Negative,0.85,0.8,CRITICAL,"URGENT AUDIT REQUIRED: Inspect POS billing registers, cash counters, and verify that physical menu board prices exactly match the billed amounts."
2026-09-28 13:52:34,The quantity is unequal to the cost charged.,the quantity is unequal to the cost charged,True,General Canteen Food,Quantity-Price Concern,Negative,0.85,0.8,MEDIUM,"PORTION AUDIT: Re-evaluate standard kitchen ladle sizes, plate portion weights, and value-to-cost perception for this food item."
2026-09-28 13:52:34,The food is priced above what I would consider fair.,the food is priced above what i would consider fair,True,General Food Item,General Price Complaint,Negative,0.85,0.8,MEDIUM,FEEDBACK MONITORING: Keep track of customer satisfaction trends and periodically survey student sentiment regarding overall cafeteria value.
2026-09-28 13:52:34,The checkout charged 110 whereas it should have been 96.,the checkout charged 110 whereas it should have been 96,True,General Canteen Food,Price Mismatch,Negative,0.85,0.8,CRITICAL,"URGENT AUDIT REQUIRED: Inspect POS billing registers, cash counters, and verify that physical menu board prices exactly match the billed amounts."
2026-09-28 13:52:34,The menu item is more expensive now than before.,the menu item is more expensive now than before,True,General Food Item,Price Increase,Negative,0.85,0.8,MEDIUM,"TRANSPARENCY NOTICE: If prices were recently revised due to inflation or input costs, display an informative notice to students explaining the reasons in advance."
2026-09-28 13:52:34,The noodles are way too pricey for a basic meal.,the noodles are way too pricey for a basic meal,True,Noodles,High Price,Negative,0.85,0.8,MEDIUM,PRICING REVIEW: Benchmark item cost against student budget guidelines. Consider offering budget-friendly student combos or subsidized staples.
2026-09-28 13:52:34,The pastry is fairly priced for what you get.,the pastry is fairly priced for what you get,True,Pastry / Bakery,General Price Complaint,Positive,0.85,0.8,MEDIUM,FEEDBACK MONITORING: Keep track of customer satisfaction trends and periodically survey student sentiment regarding overall cafeteria value.
2026-09-28 13:52:34,The meal is much more expensive than it used to be.,the meal is much more expensive than it used to be,True,Thali / Meal,Price Increase,Negative,0.85,0.8,MEDIUM,"TRANSPARENCY NOTICE: If prices were recently revised due to inflation or input costs, display an informative notice to students explaining the reasons in advance."
2026-09-28 13:52:34,The menu item is listed at 60 but the cashier charged 75.,the menu item is listed at 60 but the cashier charged 75,True,General Food Item,Price Mismatch,Negative,0.85,0.8,CRITICAL,"URGENT AUDIT REQUIRED: Inspect POS billing registers, cash counters, and verify that physical menu board prices exactly match the billed amounts."
2026-09-28 13:52:34,The cost on the receipt exceeds the advertised menu price.,the cost on the receipt exceeds the advertised menu price,True,General Canteen Food,Price Mismatch,Negative,0.85,0.8,CRITICAL,"URGENT AUDIT REQUIRED: Inspect POS billing registers, cash counters, and verify that physical menu board prices exactly match the billed amounts."
2026-09-28 13:52:34,The combo meal is priced too high.,the combo meal is priced too high,True,Thali / Meal,High Price,Negative,0.85,0.8,MEDIUM,PRICING REVIEW: Benchmark item cost against student budget guidelines. Consider offering budget-friendly student combos or subsidized staples.
2026-09-28 13:52:34,The pulao is overpriced compared to local pricing.,the pulao is overpriced compared to local pricing,True,Rice / Biryani,High Price,Negative,0.85,0.8,MEDIUM,PRICING REVIEW: Benchmark item cost against student budget guidelines. Consider offering budget-friendly student combos or subsidized staples.
2026-09-28 13:52:34,The vada is charging too much for a regular snack.,the vada is charging too much for a regular snack,True,Idli / Vada,High Price,Negative,0.85,0.8,MEDIUM,PRICING REVIEW: Benchmark item cost against student budget guidelines. Consider offering budget-friendly student combos or subsidized staples.
2026-09-28 13:52:34,The price of tea has increased recently and is unreasonable.,the price of tea has increased recently and is unreasonable,True,Tea / Chai,Price Increase,Negative,0.85,0.8,MEDIUM,"TRANSPARENCY NOTICE: If prices were recently revised due to inflation or input costs, display an informative notice to students explaining the reasons in advance."
2026-09-28 13:52:34,The dosa is slightly expensive but still acceptable.,the dosa is slightly expensive but still acceptable,True,Dosa,General Price Complaint,Positive,0.85,0.8,MEDIUM,FEEDBACK MONITORING: Keep track of customer satisfaction trends and periodically survey student sentiment regarding overall cafeteria value.
2026-09-28 13:52:34,The price of the momos is much higher than expected.,the price of the momos is much higher than expected,True,General Canteen Food,High Price,Negative,0.85,0.8,MEDIUM,PRICING REVIEW: Benchmark item cost against student budget guidelines. Consider offering budget-friendly student combos or subsidized staples.
2026-09-28 13:52:34,The item is costlier than before and quality is unchanged.,the item is costlier than before and quality is unchanged,True,General Food Item,Price Increase,Negative,0.85,0.8,MEDIUM,"TRANSPARENCY NOTICE: If prices were recently revised due to inflation or input costs, display an informative notice to students explaining the reasons in advance."
2026-09-28 13:52:34,The price is unfair for the overall quality.,the price is unfair for the overall quality,True,General Canteen Food,General Price Complaint,Negative,0.85,0.8,MEDIUM,FEEDBACK MONITORING: Keep track of customer satisfaction trends and periodically survey student sentiment regarding overall cafeteria value.
2026-09-28 13:52:34,This meal feels too expensive and not fair.,this meal feels too expensive and not fair,True,Thali / Meal,High Price,Negative,0.85,0.8,MEDIUM,PRICING REVIEW: Benchmark item cost against student budget guidelines. Consider offering budget-friendly student combos or subsidized staples.
2026-09-28 13:52:34,The product tag showed 20 but I was charged 28.,the product tag showed 20 but i was charged 28,True,General Canteen Food,Price Mismatch,Negative,0.85,0.8,CRITICAL,"URGENT AUDIT REQUIRED: Inspect POS billing registers, cash counters, and verify that physical menu board prices exactly match the billed amounts."
2026-09-28 13:52:34,The vendor charged 68 while the menu says 52.,the vendor charged 68 while the menu says 52,True,General Canteen Food,Price Mismatch,Negative,0.85,0.8,CRITICAL,"URGENT AUDIT REQUIRED: Inspect POS billing registers, cash counters, and verify that physical menu board prices exactly match the billed amounts."
2026-09-28 13:52:34,The tea is expensive and not justified by the taste.,the tea is expensive and not justified by the taste,True,Tea / Chai,High Price,Negative,0.85,0.8,MEDIUM,PRICING REVIEW: Benchmark item cost against student budget guidelines. Consider offering budget-friendly student combos or subsidized staples.
2026-09-28 13:52:34,The rate is too high for the quality offered.,the rate is too high for the quality offered,True,General Canteen Food,High Price,Negative,0.85,0.8,MEDIUM,PRICING REVIEW: Benchmark item cost against student budget guidelines. Consider offering budget-friendly student combos or subsidized staples.
2026-09-28 13:52:34,The samosa price was 20 rs on the board but the cashier charged me 35.,the samosa price was 20 rupees on the board but the cashier charged me 35,True,Samosa,Price Mismatch,Negative,0.7606,0.6484,CRITICAL (Immediate Billing Action),"URGENT AUDIT REQUIRED: Inspect POS billing registers, cash counters, and verify that physical menu board prices exactly match the billed amounts."
2026-09-28 13:52:34,The dosa price is too high for such a small portion.,the dosa price is too high for such a small portion,True,Dosa,High Price,Negative,0.7371,0.4867,MEDIUM,PRICING REVIEW: Benchmark item cost against student budget guidelines. Consider offering budget-friendly student combos or subsidized staples.
2026-09-28 13:52:34,Tea price increased by 5 rupees this week without any notice.,tea price increased by 5 rupees this week without any notice,True,Tea / Chai,Price Increase,Negative,0.7462,0.5323,MEDIUM (Pricing Policy),"TRANSPARENCY NOTICE: If prices were recently revised due to inflation or input costs, display an informative notice to students explaining the reasons in advance."
2026-09-28 13:52:34,"The thali meal is very affordable, fresh and delicious!",the thali meal is very affordable fresh and delicious,True,Thali / Meal,General Price Complaint,Neutral,0.8551,0.2698,LOW (Neutral Inquiry),INQUIRY NOTED: Price inquiry or neutral feedback recorded for administrative review.
2026-09-28 13:52:34,Can you tell me the price of cold coffee?,can you tell me the price of cold coffee,True,Coffee,Price Increase,Neutral,0.8306,0.2563,LOW (Neutral Inquiry),INQUIRY NOTED: Price inquiry or neutral feedback recorded for administrative review.
2026-09-28 13:52:34,The library computer lab wifi is very slow today.,the library computer lab wifi is very slow today,False,General Canteen Food,Non-Pricing / Unrelated,Negative,0.7517,1.0,OUT OF SCOPE,NON-CANTEEN FEEDBACK: This complaint is not directly related to college canteen food pricing. Route to appropriate student affairs or campus maintenance department.
