complaint,category,sentiment,clean_text,word_count,character_count,original_complaint,cleaned_text,sentiment,sentiment_confidence,sentiment_probabilities,category,category_confidence,category_probabilities,urgency,keywords_detected,recommendation
The quantity is not proportional to the rate.,Quantity-Price Concern,Negative,the quantity is not proportional to the rate,8,44,The quantity is not proportional to the rate.,the quantity is not proportional to the rate,Negative,0.7789006964327034,"{'Negative': 0.7789, 'Positive': 0.2211}",Quantity-Price Concern,0.5942369096132727,"{'General Price Complaint': 0.1036, 'High Price': 0.1132, 'Price Increase': 0.0963, 'Price Mismatch': 0.0927, 'Quantity-Price Concern': 0.5942}",MEDIUM,['quantity'],"PORTION AUDIT: Re-evaluate standard kitchen ladle sizes, plate portion weights, and value-to-cost perception for this food item."
The serving feels too meager for the price.,Quantity-Price Concern,Negative,the serving feels too meager for the price,8,42,The serving feels too meager for the price.,the serving feels too meager for the price,Negative,0.6923870611412342,"{'Negative': 0.6924, 'Positive': 0.3076}",High Price,0.3376271642673502,"{'General Price Complaint': 0.1726, 'High Price': 0.3376, 'Price Increase': 0.1059, 'Price Mismatch': 0.0991, 'Quantity-Price Concern': 0.2848}",MEDIUM,[],PRICING REVIEW: Benchmark item cost against student budget guidelines. Consider offering budget-friendly student combos or subsidized staples.
The cash counter gave me a higher price than shown.,Price Mismatch,Negative,the cash counter gave me a higher price than shown,10,50,The cash counter gave me a higher price than shown.,the cash counter gave me a higher price than shown,Negative,0.7669160444873859,"{'Negative': 0.7669, 'Positive': 0.2331}",Price Mismatch,0.4263272312461096,"{'General Price Complaint': 0.1454, 'High Price': 0.1481, 'Price Increase': 0.1667, 'Price Mismatch': 0.4263, 'Quantity-Price Concern': 0.1134}",CRITICAL (Immediate Billing Action),['counter'],"URGENT AUDIT REQUIRED: Inspect POS billing registers, cash counters, and verify that physical menu board prices exactly match the billed amounts."
The platter is small for the price asked.,Quantity-Price Concern,Negative,the platter is small for the price asked,8,40,The platter is small for the price asked.,the platter is small for the price asked,Negative,0.7013266531442649,"{'Negative': 0.7013, 'Positive': 0.2987}",Quantity-Price Concern,0.48004548279940523,"{'General Price Complaint': 0.1551, 'High Price': 0.1445, 'Price Increase': 0.1139, 'Price Mismatch': 0.1065, 'Quantity-Price Concern': 0.48}",MEDIUM,['small'],"PORTION AUDIT: Re-evaluate standard kitchen ladle sizes, plate portion weights, and value-to-cost perception for this food item."
This menu item has become much more expensive recently.,Price Increase,Negative,this menu item has become much more expensive recently,9,54,This menu item has become much more expensive recently.,this menu item has become much more expensive recently,Negative,0.8087619322195125,"{'Negative': 0.8088, 'Positive': 0.1912}",Price Increase,0.4741872602608417,"{'General Price Complaint': 0.1753, 'High Price': 0.1471, 'Price Increase': 0.4742, 'Price Mismatch': 0.1259, 'Quantity-Price Concern': 0.0776}",MEDIUM (Pricing Policy),[],"TRANSPARENCY NOTICE: If prices were recently revised due to inflation or input costs, display an informative notice to students explaining the reasons in advance."
I saw a sharp increase in the tea price.,Price Increase,Negative,i saw a sharp increase in the tea price,9,39,I saw a sharp increase in the tea price.,i saw a sharp increase in the tea price,Negative,0.7226314970639074,"{'Negative': 0.7226, 'Positive': 0.2774}",Price Increase,0.5454086650844089,"{'General Price Complaint': 0.1237, 'High Price': 0.1089, 'Price Increase': 0.5454, 'Price Mismatch': 0.1209, 'Quantity-Price Concern': 0.1011}",MEDIUM (Pricing Policy),"['increase', 'sharp']","TRANSPARENCY NOTICE: If prices were recently revised due to inflation or input costs, display an informative notice to students explaining the reasons in advance."
The snack is affordable and still tasty.,General Price Complaint,Positive,the snack is affordable and still tasty,7,39,The snack is affordable and still tasty.,the snack is affordable and still tasty,Positive,0.7380241317125288,"{'Negative': 0.262, 'Positive': 0.738}",General Price Complaint,0.41874191720496073,"{'General Price Complaint': 0.4187, 'High Price': 0.1526, 'Price Increase': 0.1692, 'Price Mismatch': 0.1233, 'Quantity-Price Concern': 0.1362}",LOW (Positive Sentiment),"['affordable', 'tasty']",BENCHMARK EXCELLENCE: Item price and quality are well-received by customers. Maintain current portion and pricing standards as best practices.
I expected a lower price for this item.,High Price,Negative,i expected a lower price for this item,8,38,I expected a lower price for this item.,i expected a lower price for this item,Negative,0.6730212361151486,"{'Negative': 0.673, 'Positive': 0.327}",General Price Complaint,0.2847006777483445,"{'General Price Complaint': 0.2847, 'High Price': 0.2715, 'Price Increase': 0.1482, 'Price Mismatch': 0.1191, 'Quantity-Price Concern': 0.1766}",MEDIUM (General Feedback),['price'],FEEDBACK MONITORING: Keep track of customer satisfaction trends and periodically survey student sentiment regarding overall cafeteria value.
The food is over-priced compared to its quality.,General Price Complaint,Negative,the food is over priced compared to its quality,9,47,The food is over-priced compared to its quality.,the food is over priced compared to its quality,Negative,0.5160259048437433,"{'Negative': 0.516, 'Positive': 0.484}",General Price Complaint,0.4560286305346601,"{'General Price Complaint': 0.456, 'High Price': 0.2036, 'Price Increase': 0.1177, 'Price Mismatch': 0.1054, 'Quantity-Price Concern': 0.1174}",MEDIUM (General Feedback),[],FEEDBACK MONITORING: Keep track of customer satisfaction trends and periodically survey student sentiment regarding overall cafeteria value.
The menu price and billed price are inconsistent.,Price Mismatch,Negative,the menu price and billed price are inconsistent,8,48,The menu price and billed price are inconsistent.,the menu price and billed price are inconsistent,Negative,0.7193110701331392,"{'Negative': 0.7193, 'Positive': 0.2807}",Price Mismatch,0.5421018327229659,"{'General Price Complaint': 0.1409, 'High Price': 0.1046, 'Price Increase': 0.1269, 'Price Mismatch': 0.5421, 'Quantity-Price Concern': 0.0854}",CRITICAL (Immediate Billing Action),"['menu', 'billed', 'inconsistent']","URGENT AUDIT REQUIRED: Inspect POS billing registers, cash counters, and verify that physical menu board prices exactly match the billed amounts."
The bill charged me 150 even though the menu said 125.,Price Mismatch,Negative,the bill charged me 150 even though the menu said 125,11,53,The bill charged me 150 even though the menu said 125.,the bill charged me 150 even though the menu said 125,Negative,0.7938096051229946,"{'Negative': 0.7938, 'Positive': 0.2062}",Price Mismatch,0.5667985682276802,"{'General Price Complaint': 0.1329, 'High Price': 0.0933, 'Price Increase': 0.1053, 'Price Mismatch': 0.5668, 'Quantity-Price Concern': 0.1017}",CRITICAL (Immediate Billing Action),"['Amount/Number: 150', 'Amount/Number: 125', 'menu', 'bill', 'charged']","URGENT AUDIT REQUIRED: Inspect POS billing registers, cash counters, and verify that physical menu board prices exactly match the billed amounts."
The order is way too small for the money.,Quantity-Price Concern,Negative,the order is way too small for the money,9,40,The order is way too small for the money.,the order is way too small for the money,Negative,0.760037780981631,"{'Negative': 0.76, 'Positive': 0.24}",Quantity-Price Concern,0.5057929636202748,"{'General Price Complaint': 0.1042, 'High Price': 0.204, 'Price Increase': 0.0951, 'Price Mismatch': 0.0909, 'Quantity-Price Concern': 0.5058}",MEDIUM,['small'],"PORTION AUDIT: Re-evaluate standard kitchen ladle sizes, plate portion weights, and value-to-cost perception for this food item."
The item was sold at a higher rate than the menu indicated.,Price Mismatch,Negative,the item was sold at a higher rate than the menu indicated,12,58,The item was sold at a higher rate than the menu indicated.,the item was sold at a higher rate than the menu indicated,Negative,0.8372000796585942,"{'Negative': 0.8372, 'Positive': 0.1628}",Price Mismatch,0.5297780857586677,"{'General Price Complaint': 0.1123, 'High Price': 0.1023, 'Price Increase': 0.1507, 'Price Mismatch': 0.5298, 'Quantity-Price Concern': 0.1049}",CRITICAL (Immediate Billing Action),['menu'],"URGENT AUDIT REQUIRED: Inspect POS billing registers, cash counters, and verify that physical menu board prices exactly match the billed amounts."
This is very expensive for a quick bite.,High Price,Negative,this is very expensive for a quick bite,8,39,This is very expensive for a quick bite.,this is very expensive for a quick bite,Negative,0.7218454126650115,"{'Negative': 0.7218, 'Positive': 0.2782}",Quantity-Price Concern,0.33445653853821233,"{'General Price Complaint': 0.2251, 'High Price': 0.2445, 'Price Increase': 0.1187, 'Price Mismatch': 0.0773, 'Quantity-Price Concern': 0.3345}",MEDIUM,[],"PORTION AUDIT: Re-evaluate standard kitchen ladle sizes, plate portion weights, and value-to-cost perception for this food item."
This item used to be cheaper; now the price has jumped.,Price Increase,Negative,this item used to be cheaper now the price has jumped,11,53,This item used to be cheaper; now the price has jumped.,this item used to be cheaper now the price has jumped,Negative,0.7804336086798382,"{'Negative': 0.7804, 'Positive': 0.2196}",Price Increase,0.5614805554148348,"{'General Price Complaint': 0.1268, 'High Price': 0.0953, 'Price Increase': 0.5615, 'Price Mismatch': 0.1002, 'Quantity-Price Concern': 0.1161}",MEDIUM (Pricing Policy),"['jumped', 'used to', 'now']","TRANSPARENCY NOTICE: If prices were recently revised due to inflation or input costs, display an informative notice to students explaining the reasons in advance."
The order was short in quantity for the amount billed.,Quantity-Price Concern,Negative,the order was short in quantity for the amount billed,10,53,The order was short in quantity for the amount billed.,the order was short in quantity for the amount billed,Negative,0.7615313684577935,"{'Negative': 0.7615, 'Positive': 0.2385}",Quantity-Price Concern,0.4854456173070937,"{'General Price Complaint': 0.1063, 'High Price': 0.112, 'Price Increase': 0.1244, 'Price Mismatch': 0.1719, 'Quantity-Price Concern': 0.4854}",MEDIUM,"['quantity', 'short']","PORTION AUDIT: Re-evaluate standard kitchen ladle sizes, plate portion weights, and value-to-cost perception for this food item."
"The dosa is pricier now than before, and it is not fair.",Price Increase,Negative,the dosa is pricier now than before and it is not fair,12,54,"The dosa is pricier now than before, and it is not fair.",the dosa is pricier now than before and it is not fair,Negative,0.7163247492302045,"{'Negative': 0.7163, 'Positive': 0.2837}",Price Increase,0.4837033386411905,"{'General Price Complaint': 0.1697, 'High Price': 0.1464, 'Price Increase': 0.4837, 'Price Mismatch': 0.092, 'Quantity-Price Concern': 0.1081}",MEDIUM (Pricing Policy),"['before', 'now']","TRANSPARENCY NOTICE: If prices were recently revised due to inflation or input costs, display an informative notice to students explaining the reasons in advance."
The printed rate was ?30 but I was charged ?45.,Price Mismatch,Negative,the printed rate was 30 but i was charged 45,10,44,The printed rate was ?30 but I was charged ?45.,the printed rate was 30 but i was charged 45,Negative,0.8048393173187585,"{'Negative': 0.8048, 'Positive': 0.1952}",Price Mismatch,0.6380150666985316,"{'General Price Complaint': 0.08, 'High Price': 0.0802, 'Price Increase': 0.1032, 'Price Mismatch': 0.638, 'Quantity-Price Concern': 0.0985}",CRITICAL (Immediate Billing Action),"['Amount/Number: 30', 'Amount/Number: 45', 'charged', 'printed']","URGENT AUDIT REQUIRED: Inspect POS billing registers, cash counters, and verify that physical menu board prices exactly match the billed amounts."
I feel the price is a bit much for this item.,General Price Complaint,Negative,i feel the price is a bit much for this item,11,44,I feel the price is a bit much for this item.,i feel the price is a bit much for this item,Negative,0.6959532367425243,"{'Negative': 0.696, 'Positive': 0.304}",General Price Complaint,0.46506312423359636,"{'General Price Complaint': 0.4651, 'High Price': 0.1992, 'Price Increase': 0.1205, 'Price Mismatch': 0.0845, 'Quantity-Price Concern': 0.1307}",MEDIUM (General Feedback),['price'],FEEDBACK MONITORING: Keep track of customer satisfaction trends and periodically survey student sentiment regarding overall cafeteria value.
The bill had a different price than the menu label.,Price Mismatch,Negative,the bill had a different price than the menu label,10,50,The bill had a different price than the menu label.,the bill had a different price than the menu label,Negative,0.7918199141905498,"{'Negative': 0.7918, 'Positive': 0.2082}",Price Mismatch,0.6173209327839496,"{'General Price Complaint': 0.0975, 'High Price': 0.0953, 'Price Increase': 0.1034, 'Price Mismatch': 0.6173, 'Quantity-Price Concern': 0.0865}",CRITICAL (Immediate Billing Action),"['menu', 'bill']","URGENT AUDIT REQUIRED: Inspect POS billing registers, cash counters, and verify that physical menu board prices exactly match the billed amounts."
The cashier charged me 80 when the display showed 65.,Price Mismatch,Negative,the cashier charged me 80 when the display showed 65,10,52,The cashier charged me 80 when the display showed 65.,the cashier charged me 80 when the display showed 65,Negative,0.7690139019998301,"{'Negative': 0.769, 'Positive': 0.231}",Price Mismatch,0.4765242814544913,"{'General Price Complaint': 0.1257, 'High Price': 0.1302, 'Price Increase': 0.1456, 'Price Mismatch': 0.4765, 'Quantity-Price Concern': 0.1219}",CRITICAL (Immediate Billing Action),"['Amount/Number: 80', 'Amount/Number: 65', 'charged', 'display']","URGENT AUDIT REQUIRED: Inspect POS billing registers, cash counters, and verify that physical menu board prices exactly match the billed amounts."
The quantity is very low compared to the cost.,Quantity-Price Concern,Negative,the quantity is very low compared to the cost,9,45,The quantity is very low compared to the cost.,the quantity is very low compared to the cost,Negative,0.7308180371774999,"{'Negative': 0.7308, 'Positive': 0.2692}",Quantity-Price Concern,0.6491654485546864,"{'General Price Complaint': 0.0816, 'High Price': 0.1016, 'Price Increase': 0.0878, 'Price Mismatch': 0.0798, 'Quantity-Price Concern': 0.6492}",HIGH (Review Required),['quantity'],"PORTION AUDIT: Re-evaluate standard kitchen ladle sizes, plate portion weights, and value-to-cost perception for this food item."
The food portion is tiny compared to the cost.,Quantity-Price Concern,Negative,the food portion is tiny compared to the cost,9,45,The food portion is tiny compared to the cost.,the food portion is tiny compared to the cost,Negative,0.6681174970618897,"{'Negative': 0.6681, 'Positive': 0.3319}",Quantity-Price Concern,0.5285181519710858,"{'General Price Complaint': 0.1546, 'High Price': 0.1123, 'Price Increase': 0.1107, 'Price Mismatch': 0.0938, 'Quantity-Price Concern': 0.5285}",MEDIUM,"['portion', 'tiny']","PORTION AUDIT: Re-evaluate standard kitchen ladle sizes, plate portion weights, and value-to-cost perception for this food item."
The size does not match the price tag.,Quantity-Price Concern,Negative,the size does not match the price tag,8,37,The size does not match the price tag.,the size does not match the price tag,Negative,0.7781701281531808,"{'Negative': 0.7782, 'Positive': 0.2218}",Quantity-Price Concern,0.3761792137516882,"{'General Price Complaint': 0.1355, 'High Price': 0.1197, 'Price Increase': 0.1306, 'Price Mismatch': 0.238, 'Quantity-Price Concern': 0.3762}",MEDIUM,['size'],"PORTION AUDIT: Re-evaluate standard kitchen ladle sizes, plate portion weights, and value-to-cost perception for this food item."
The table list shows 160 but the payment was 190.,Price Mismatch,Negative,the table list shows 160 but the payment was 190,10,48,The table list shows 160 but the payment was 190.,the table list shows 160 but the payment was 190,Negative,0.7643459703082229,"{'Negative': 0.7643, 'Positive': 0.2357}",Price Mismatch,0.5003480218245229,"{'General Price Complaint': 0.1157, 'High Price': 0.1175, 'Price Increase': 0.1496, 'Price Mismatch': 0.5003, 'Quantity-Price Concern': 0.1169}",CRITICAL (Immediate Billing Action),"['Amount/Number: 160', 'Amount/Number: 190']","URGENT AUDIT REQUIRED: Inspect POS billing registers, cash counters, and verify that physical menu board prices exactly match the billed amounts."
The rate went up again and this is frustrating.,Price Increase,Negative,the rate went up again and this is frustrating,9,46,The rate went up again and this is frustrating.,the rate went up again and this is frustrating,Negative,0.7325937599884782,"{'Negative': 0.7326, 'Positive': 0.2674}",Price Increase,0.31179953991637854,"{'General Price Complaint': 0.1948, 'High Price': 0.182, 'Price Increase': 0.3118, 'Price Mismatch': 0.1537, 'Quantity-Price Concern': 0.1578}",MEDIUM (Pricing Policy),[],"TRANSPARENCY NOTICE: If prices were recently revised due to inflation or input costs, display an informative notice to students explaining the reasons in advance."
The quantity is not enough even for one person.,Quantity-Price Concern,Negative,the quantity is not enough even for one person,9,46,The quantity is not enough even for one person.,the quantity is not enough even for one person,Negative,0.748550695360911,"{'Negative': 0.7486, 'Positive': 0.2514}",Quantity-Price Concern,0.6096614858154772,"{'General Price Complaint': 0.1478, 'High Price': 0.1042, 'Price Increase': 0.0755, 'Price Mismatch': 0.0628, 'Quantity-Price Concern': 0.6097}",HIGH (Review Required),['quantity'],"PORTION AUDIT: Re-evaluate standard kitchen ladle sizes, plate portion weights, and value-to-cost perception for this food item."
This is a fair price for the portion served.,General Price Complaint,Positive,this is a fair price for the portion served,9,43,This is a fair price for the portion served.,this is a fair price for the portion served,Positive,0.7822802666711934,"{'Negative': 0.2177, 'Positive': 0.7823}",General Price Complaint,0.5115416430248791,"{'General Price Complaint': 0.5115, 'High Price': 0.141, 'Price Increase': 0.0751, 'Price Mismatch': 0.067, 'Quantity-Price Concern': 0.2053}",LOW (Positive Sentiment),"['price', 'fair']",BENCHMARK EXCELLENCE: Item price and quality are well-received by customers. Maintain current portion and pricing standards as best practices.
The sandwich costs more now than it did last month.,Price Increase,Negative,the sandwich costs more now than it did last month,10,50,The sandwich costs more now than it did last month.,the sandwich costs more now than it did last month,Negative,0.767412723486775,"{'Negative': 0.7674, 'Positive': 0.2326}",Price Increase,0.5679530290064476,"{'General Price Complaint': 0.109, 'High Price': 0.134, 'Price Increase': 0.568, 'Price Mismatch': 0.1069, 'Quantity-Price Concern': 0.0822}",MEDIUM (Pricing Policy),['now'],"TRANSPARENCY NOTICE: If prices were recently revised due to inflation or input costs, display an informative notice to students explaining the reasons in advance."
The burger is priced well and feels worth it.,General Price Complaint,Positive,the burger is priced well and feels worth it,9,44,The burger is priced well and feels worth it.,the burger is priced well and feels worth it,Negative,0.6066382067294314,"{'Negative': 0.6066, 'Positive': 0.3934}",General Price Complaint,0.3542571075357253,"{'General Price Complaint': 0.3543, 'High Price': 0.3122, 'Price Increase': 0.1488, 'Price Mismatch': 0.0955, 'Quantity-Price Concern': 0.0893}",MEDIUM (General Feedback),['worth'],FEEDBACK MONITORING: Keep track of customer satisfaction trends and periodically survey student sentiment regarding overall cafeteria value.
The pricing seems a bit high for a regular meal.,General Price Complaint,Negative,the pricing seems a bit high for a regular meal,10,47,The pricing seems a bit high for a regular meal.,the pricing seems a bit high for a regular meal,Negative,0.7280240159656555,"{'Negative': 0.728, 'Positive': 0.272}",General Price Complaint,0.44718543214437095,"{'General Price Complaint': 0.4472, 'High Price': 0.2304, 'Price Increase': 0.1167, 'Price Mismatch': 0.1009, 'Quantity-Price Concern': 0.1047}",MEDIUM (General Feedback),[],FEEDBACK MONITORING: Keep track of customer satisfaction trends and periodically survey student sentiment regarding overall cafeteria value.
This snack feels overpriced and not worth buying.,High Price,Negative,this snack feels overpriced and not worth buying,8,48,This snack feels overpriced and not worth buying.,this snack feels overpriced and not worth buying,Negative,0.7410518336183908,"{'Negative': 0.7411, 'Positive': 0.2589}",High Price,0.5088041532358174,"{'General Price Complaint': 0.1547, 'High Price': 0.5088, 'Price Increase': 0.1272, 'Price Mismatch': 0.0973, 'Quantity-Price Concern': 0.112}",MEDIUM,['overpriced'],PRICING REVIEW: Benchmark item cost against student budget guidelines. Consider offering budget-friendly student combos or subsidized staples.
The value is poor because the portion is tiny.,Quantity-Price Concern,Negative,the value is poor because the portion is tiny,9,45,The value is poor because the portion is tiny.,the value is poor because the portion is tiny,Negative,0.7217402623201317,"{'Negative': 0.7217, 'Positive': 0.2783}",Quantity-Price Concern,0.548660057530389,"{'General Price Complaint': 0.1358, 'High Price': 0.1154, 'Price Increase': 0.1011, 'Price Mismatch': 0.099, 'Quantity-Price Concern': 0.5487}",MEDIUM,"['portion', 'tiny']","PORTION AUDIT: Re-evaluate standard kitchen ladle sizes, plate portion weights, and value-to-cost perception for this food item."
The sandwich has too little filling for the price.,Quantity-Price Concern,Negative,the sandwich has too little filling for the price,9,49,The sandwich has too little filling for the price.,the sandwich has too little filling for the price,Negative,0.7045974907766717,"{'Negative': 0.7046, 'Positive': 0.2954}",Quantity-Price Concern,0.3785062422207591,"{'General Price Complaint': 0.1421, 'High Price': 0.1785, 'Price Increase': 0.1925, 'Price Mismatch': 0.1084, 'Quantity-Price Concern': 0.3785}",MEDIUM,['little'],"PORTION AUDIT: Re-evaluate standard kitchen ladle sizes, plate portion weights, and value-to-cost perception for this food item."
The sandwich is priced fairly and tastes great.,General Price Complaint,Positive,the sandwich is priced fairly and tastes great,8,46,The sandwich is priced fairly and tastes great.,the sandwich is priced fairly and tastes great,Positive,0.5369510884388856,"{'Negative': 0.463, 'Positive': 0.537}",General Price Complaint,0.3828190621951446,"{'General Price Complaint': 0.3828, 'High Price': 0.2281, 'Price Increase': 0.163, 'Price Mismatch': 0.1192, 'Quantity-Price Concern': 0.1069}",LOW (Positive Sentiment),[],BENCHMARK EXCELLENCE: Item price and quality are well-received by customers. Maintain current portion and pricing standards as best practices.
The same coffee now costs more than earlier.,Price Increase,Negative,the same coffee now costs more than earlier,8,43,The same coffee now costs more than earlier.,the same coffee now costs more than earlier,Negative,0.7778352376181489,"{'Negative': 0.7778, 'Positive': 0.2222}",Price Increase,0.5908513088968654,"{'General Price Complaint': 0.113, 'High Price': 0.1167, 'Price Increase': 0.5909, 'Price Mismatch': 0.1109, 'Quantity-Price Concern': 0.0686}",MEDIUM (Pricing Policy),['now'],"TRANSPARENCY NOTICE: If prices were recently revised due to inflation or input costs, display an informative notice to students explaining the reasons in advance."
The food is expensive for the value provided.,General Price Complaint,Negative,the food is expensive for the value provided,8,44,The food is expensive for the value provided.,the food is expensive for the value provided,Negative,0.6274253714111737,"{'Negative': 0.6274, 'Positive': 0.3726}",General Price Complaint,0.3547873065300664,"{'General Price Complaint': 0.3548, 'High Price': 0.2397, 'Price Increase': 0.105, 'Price Mismatch': 0.0811, 'Quantity-Price Concern': 0.2194}",MEDIUM (General Feedback),[],FEEDBACK MONITORING: Keep track of customer satisfaction trends and periodically survey student sentiment regarding overall cafeteria value.
The price of the salad is too high for a simple item.,High Price,Negative,the price of the salad is too high for a simple item,12,52,The price of the salad is too high for a simple item.,the price of the salad is too high for a simple item,Negative,0.7863129427438711,"{'Negative': 0.7863, 'Positive': 0.2137}",High Price,0.5250605148250773,"{'General Price Complaint': 0.1657, 'High Price': 0.5251, 'Price Increase': 0.1184, 'Price Mismatch': 0.0714, 'Quantity-Price Concern': 0.1195}",MEDIUM,['high'],PRICING REVIEW: Benchmark item cost against student budget guidelines. Consider offering budget-friendly student combos or subsidized staples.
"I was billed 55, but the menu quoted 42.",Price Mismatch,Negative,i was billed 55 but the menu quoted 42,9,38,"I was billed 55, but the menu quoted 42.",i was billed 55 but the menu quoted 42,Negative,0.7932364573831423,"{'Negative': 0.7932, 'Positive': 0.2068}",Price Mismatch,0.6448332444364878,"{'General Price Complaint': 0.0862, 'High Price': 0.0824, 'Price Increase': 0.1028, 'Price Mismatch': 0.6448, 'Quantity-Price Concern': 0.0837}",CRITICAL (Immediate Billing Action),"['Amount/Number: 55', 'Amount/Number: 42', 'menu', 'billed']","URGENT AUDIT REQUIRED: Inspect POS billing registers, cash counters, and verify that physical menu board prices exactly match the billed amounts."
Why are the prices increasing every few days?,Price Increase,Negative,why are the prices increasing every few days,8,44,Why are the prices increasing every few days?,why are the prices increasing every few days,Negative,0.7145041035390121,"{'Negative': 0.7145, 'Positive': 0.2855}",Price Increase,0.4674821212483424,"{'General Price Complaint': 0.1489, 'High Price': 0.139, 'Price Increase': 0.4675, 'Price Mismatch': 0.1351, 'Quantity-Price Concern': 0.1095}",MEDIUM (Pricing Policy),[],"TRANSPARENCY NOTICE: If prices were recently revised due to inflation or input costs, display an informative notice to students explaining the reasons in advance."
The rise in cost is hard to justify in this market.,Price Increase,Negative,the rise in cost is hard to justify in this market,11,50,The rise in cost is hard to justify in this market.,the rise in cost is hard to justify in this market,Negative,0.7404270306453775,"{'Negative': 0.7404, 'Positive': 0.2596}",Price Increase,0.3111717385466543,"{'General Price Complaint': 0.2035, 'High Price': 0.1753, 'Price Increase': 0.3112, 'Price Mismatch': 0.1224, 'Quantity-Price Concern': 0.1877}",MEDIUM (Pricing Policy),[],"TRANSPARENCY NOTICE: If prices were recently revised due to inflation or input costs, display an informative notice to students explaining the reasons in advance."
This portion is too small to justify the cost.,Quantity-Price Concern,Negative,this portion is too small to justify the cost,9,45,This portion is too small to justify the cost.,this portion is too small to justify the cost,Negative,0.7898384410031258,"{'Negative': 0.7898, 'Positive': 0.2102}",Quantity-Price Concern,0.5260110823005726,"{'General Price Complaint': 0.1102, 'High Price': 0.174, 'Price Increase': 0.1146, 'Price Mismatch': 0.0751, 'Quantity-Price Concern': 0.526}",MEDIUM,"['portion', 'small']","PORTION AUDIT: Re-evaluate standard kitchen ladle sizes, plate portion weights, and value-to-cost perception for this food item."
This soup is too expensive compared to nearby places.,High Price,Negative,this soup is too expensive compared to nearby places,9,52,This soup is too expensive compared to nearby places.,this soup is too expensive compared to nearby places,Negative,0.6735958727627718,"{'Negative': 0.6736, 'Positive': 0.3264}",High Price,0.48560463994481284,"{'General Price Complaint': 0.1504, 'High Price': 0.4856, 'Price Increase': 0.1409, 'Price Mismatch': 0.104, 'Quantity-Price Concern': 0.1192}",MEDIUM,['expensive'],PRICING REVIEW: Benchmark item cost against student budget guidelines. Consider offering budget-friendly student combos or subsidized staples.
This item was cheaper a few weeks back.,Price Increase,Negative,this item was cheaper a few weeks back,8,38,This item was cheaper a few weeks back.,this item was cheaper a few weeks back,Negative,0.7661579590697318,"{'Negative': 0.7662, 'Positive': 0.2338}",Price Increase,0.3875027170048499,"{'General Price Complaint': 0.1635, 'High Price': 0.1379, 'Price Increase': 0.3875, 'Price Mismatch': 0.1804, 'Quantity-Price Concern': 0.1307}",MEDIUM (Pricing Policy),[],"TRANSPARENCY NOTICE: If prices were recently revised due to inflation or input costs, display an informative notice to students explaining the reasons in advance."
I noticed a recent increase in the price of the samosa.,Price Increase,Negative,i noticed a recent increase in the price of the samosa,11,54,I noticed a recent increase in the price of the samosa.,i noticed a recent increase in the price of the samosa,Negative,0.712953960332837,"{'Negative': 0.713, 'Positive': 0.287}",Price Increase,0.5478849437175092,"{'General Price Complaint': 0.1056, 'High Price': 0.1429, 'Price Increase': 0.5479, 'Price Mismatch': 0.1026, 'Quantity-Price Concern': 0.101}",MEDIUM (Pricing Policy),['increase'],"TRANSPARENCY NOTICE: If prices were recently revised due to inflation or input costs, display an informative notice to students explaining the reasons in advance."
The cost of the biscuits is high and unreasonable.,High Price,Negative,the cost of the biscuits is high and unreasonable,9,49,The cost of the biscuits is high and unreasonable.,the cost of the biscuits is high and unreasonable,Negative,0.7161944462678403,"{'Negative': 0.7162, 'Positive': 0.2838}",High Price,0.33791007525468036,"{'General Price Complaint': 0.153, 'High Price': 0.3379, 'Price Increase': 0.2689, 'Price Mismatch': 0.0925, 'Quantity-Price Concern': 0.1476}",MEDIUM,['high'],PRICING REVIEW: Benchmark item cost against student budget guidelines. Consider offering budget-friendly student combos or subsidized staples.
The quantity is low and the price is high.,Quantity-Price Concern,Negative,the quantity is low and the price is high,9,41,The quantity is low and the price is high.,the quantity is low and the price is high,Negative,0.7283017566639716,"{'Negative': 0.7283, 'Positive': 0.2717}",Quantity-Price Concern,0.5243347598513157,"{'General Price Complaint': 0.1461, 'High Price': 0.1363, 'Price Increase': 0.1063, 'Price Mismatch': 0.0869, 'Quantity-Price Concern': 0.5243}",MEDIUM,['quantity'],"PORTION AUDIT: Re-evaluate standard kitchen ladle sizes, plate portion weights, and value-to-cost perception for this food item."
I was billed 100 after seeing 85 on the board.,Price Mismatch,Negative,i was billed 100 after seeing 85 on the board,10,45,I was billed 100 after seeing 85 on the board.,i was billed 100 after seeing 85 on the board,Negative,0.7764325558928898,"{'Negative': 0.7764, 'Positive': 0.2236}",Price Mismatch,0.5211233072402186,"{'General Price Complaint': 0.1207, 'High Price': 0.1147, 'Price Increase': 0.1375, 'Price Mismatch': 0.5211, 'Quantity-Price Concern': 0.106}",CRITICAL (Immediate Billing Action),"['Amount/Number: 100', 'Amount/Number: 85', 'billed']","URGENT AUDIT REQUIRED: Inspect POS billing registers, cash counters, and verify that physical menu board prices exactly match the billed amounts."
The portion size should be bigger for this price.,Quantity-Price Concern,Negative,the portion size should be bigger for this price,9,48,The portion size should be bigger for this price.,the portion size should be bigger for this price,Negative,0.6841294025923286,"{'Negative': 0.6841, 'Positive': 0.3159}",Quantity-Price Concern,0.4102272026170997,"{'General Price Complaint': 0.2024, 'High Price': 0.1654, 'Price Increase': 0.1182, 'Price Mismatch': 0.1038, 'Quantity-Price Concern': 0.4102}",MEDIUM,"['portion', 'size']","PORTION AUDIT: Re-evaluate standard kitchen ladle sizes, plate portion weights, and value-to-cost perception for this food item."
The price of the cutlet is unreasonable.,High Price,Negative,the price of the cutlet is unreasonable,7,39,The price of the cutlet is unreasonable.,the price of the cutlet is unreasonable,Negative,0.7128700531232269,"{'Negative': 0.7129, 'Positive': 0.2871}",High Price,0.4139902346429257,"{'General Price Complaint': 0.148, 'High Price': 0.414, 'Price Increase': 0.2021, 'Price Mismatch': 0.1118, 'Quantity-Price Concern': 0.1241}",MEDIUM,[],PRICING REVIEW: Benchmark item cost against student budget guidelines. Consider offering budget-friendly student combos or subsidized staples.
Food prices here are acceptable and not excessive.,General Price Complaint,Positive,food prices here are acceptable and not excessive,8,49,Food prices here are acceptable and not excessive.,food prices here are acceptable and not excessive,Positive,0.7149464764851725,"{'Negative': 0.2851, 'Positive': 0.7149}",General Price Complaint,0.450708359598152,"{'General Price Complaint': 0.4507, 'High Price': 0.1528, 'Price Increase': 0.1749, 'Price Mismatch': 0.1113, 'Quantity-Price Concern': 0.1103}",LOW (Positive Sentiment),[],BENCHMARK EXCELLENCE: Item price and quality are well-received by customers. Maintain current portion and pricing standards as best practices.
The item cost 60 at the counter although it was marked 48.,Price Mismatch,Negative,the item cost 60 at the counter although it was marked 48,12,57,The item cost 60 at the counter although it was marked 48.,the item cost 60 at the counter although it was marked 48,Negative,0.7978156851549181,"{'Negative': 0.7978, 'Positive': 0.2022}",Price Mismatch,0.4308289578111394,"{'General Price Complaint': 0.1403, 'High Price': 0.1189, 'Price Increase': 0.1736, 'Price Mismatch': 0.4308, 'Quantity-Price Concern': 0.1363}",CRITICAL (Immediate Billing Action),"['Amount/Number: 60', 'Amount/Number: 48', 'counter']","URGENT AUDIT REQUIRED: Inspect POS billing registers, cash counters, and verify that physical menu board prices exactly match the billed amounts."
Food prices are increasing too quickly.,Price Increase,Negative,food prices are increasing too quickly,6,38,Food prices are increasing too quickly.,food prices are increasing too quickly,Negative,0.6018795434158535,"{'Negative': 0.6019, 'Positive': 0.3981}",Price Increase,0.40433258062883726,"{'General Price Complaint': 0.2185, 'High Price': 0.1481, 'Price Increase': 0.4043, 'Price Mismatch': 0.1124, 'Quantity-Price Concern': 0.1166}",MEDIUM (Pricing Policy),[],"TRANSPARENCY NOTICE: If prices were recently revised due to inflation or input costs, display an informative notice to students explaining the reasons in advance."
I was charged 70 instead of the listed 55.,Price Mismatch,Negative,i was charged 70 instead of the listed 55,9,41,I was charged 70 instead of the listed 55.,i was charged 70 instead of the listed 55,Negative,0.7908949844429468,"{'Negative': 0.7909, 'Positive': 0.2091}",Price Mismatch,0.6075480544602755,"{'General Price Complaint': 0.08, 'High Price': 0.1048, 'Price Increase': 0.1196, 'Price Mismatch': 0.6075, 'Quantity-Price Concern': 0.0882}",CRITICAL (Immediate Billing Action),"['Amount/Number: 70', 'Amount/Number: 55', 'charged']","URGENT AUDIT REQUIRED: Inspect POS billing registers, cash counters, and verify that physical menu board prices exactly match the billed amounts."
I ordered a tea and was charged 20 instead of 15.,Price Mismatch,Negative,i ordered a tea and was charged 20 instead of 15,11,48,I ordered a tea and was charged 20 instead of 15.,i ordered a tea and was charged 20 instead of 15,Negative,0.7464220416307562,"{'Negative': 0.7464, 'Positive': 0.2536}",Price Mismatch,0.5285151282853516,"{'General Price Complaint': 0.1086, 'High Price': 0.1146, 'Price Increase': 0.149, 'Price Mismatch': 0.5285, 'Quantity-Price Concern': 0.0992}",CRITICAL (Immediate Billing Action),"['Amount/Number: 20', 'Amount/Number: 15', 'charged']","URGENT AUDIT REQUIRED: Inspect POS billing registers, cash counters, and verify that physical menu board prices exactly match the billed amounts."
This snack is too costly for the serving size.,High Price,Negative,this snack is too costly for the serving size,9,45,This snack is too costly for the serving size.,this snack is too costly for the serving size,Negative,0.6789612615758641,"{'Negative': 0.679, 'Positive': 0.321}",High Price,0.35560687001901053,"{'General Price Complaint': 0.19, 'High Price': 0.3556, 'Price Increase': 0.0962, 'Price Mismatch': 0.0721, 'Quantity-Price Concern': 0.2861}",MEDIUM,['costly'],PRICING REVIEW: Benchmark item cost against student budget guidelines. Consider offering budget-friendly student combos or subsidized staples.
Why has the burger price gone up suddenly?,Price Increase,Negative,why has the burger price gone up suddenly,8,41,Why has the burger price gone up suddenly?,why has the burger price gone up suddenly,Negative,0.7425243983154045,"{'Negative': 0.7425, 'Positive': 0.2575}",Price Increase,0.4784582178635197,"{'General Price Complaint': 0.1421, 'High Price': 0.1498, 'Price Increase': 0.4785, 'Price Mismatch': 0.1255, 'Quantity-Price Concern': 0.1041}",MEDIUM (Pricing Policy),[],"TRANSPARENCY NOTICE: If prices were recently revised due to inflation or input costs, display an informative notice to students explaining the reasons in advance."
"I paid 40 for the sandwich, but the menu says 30.",Price Mismatch,Negative,i paid 40 for the sandwich but the menu says 30,11,47,"I paid 40 for the sandwich, but the menu says 30.",i paid 40 for the sandwich but the menu says 30,Negative,0.6858992000144235,"{'Negative': 0.6859, 'Positive': 0.3141}",Price Mismatch,0.5509506824290501,"{'General Price Complaint': 0.1046, 'High Price': 0.1119, 'Price Increase': 0.1038, 'Price Mismatch': 0.551, 'Quantity-Price Concern': 0.1287}",CRITICAL (Immediate Billing Action),"['Amount/Number: 40', 'Amount/Number: 30', 'menu']","URGENT AUDIT REQUIRED: Inspect POS billing registers, cash counters, and verify that physical menu board prices exactly match the billed amounts."
This is poor value because the portion is tiny.,Quantity-Price Concern,Negative,this is poor value because the portion is tiny,9,46,This is poor value because the portion is tiny.,this is poor value because the portion is tiny,Negative,0.6841960267141785,"{'Negative': 0.6842, 'Positive': 0.3158}",Quantity-Price Concern,0.5471283023611238,"{'General Price Complaint': 0.1415, 'High Price': 0.1181, 'Price Increase': 0.1006, 'Price Mismatch': 0.0926, 'Quantity-Price Concern': 0.5471}",MEDIUM,"['portion', 'tiny']","PORTION AUDIT: Re-evaluate standard kitchen ladle sizes, plate portion weights, and value-to-cost perception for this food item."
The burger price rose again without any change in quality.,Price Increase,Negative,the burger price rose again without any change in quality,10,57,The burger price rose again without any change in quality.,the burger price rose again without any change in quality,Negative,0.659553600663715,"{'Negative': 0.6596, 'Positive': 0.3404}",Price Increase,0.43555651082641883,"{'General Price Complaint': 0.178, 'High Price': 0.1624, 'Price Increase': 0.4356, 'Price Mismatch': 0.1234, 'Quantity-Price Concern': 0.1007}",MEDIUM (Pricing Policy),[],"TRANSPARENCY NOTICE: If prices were recently revised due to inflation or input costs, display an informative notice to students explaining the reasons in advance."
The portion is tiny despite the charge.,Quantity-Price Concern,Negative,the portion is tiny despite the charge,7,38,The portion is tiny despite the charge.,the portion is tiny despite the charge,Negative,0.7145728303865759,"{'Negative': 0.7146, 'Positive': 0.2854}",Quantity-Price Concern,0.4634595792927131,"{'General Price Complaint': 0.1572, 'High Price': 0.1482, 'Price Increase': 0.1207, 'Price Mismatch': 0.1105, 'Quantity-Price Concern': 0.4635}",MEDIUM,"['portion', 'tiny']","PORTION AUDIT: Re-evaluate standard kitchen ladle sizes, plate portion weights, and value-to-cost perception for this food item."
The price mismatch between the menu and the receipt is unfair.,Price Mismatch,Negative,the price mismatch between the menu and the receipt is unfair,11,61,The price mismatch between the menu and the receipt is unfair.,the price mismatch between the menu and the receipt is unfair,Negative,0.7460507743507296,"{'Negative': 0.7461, 'Positive': 0.2539}",Price Mismatch,0.5403716061274636,"{'General Price Complaint': 0.1334, 'High Price': 0.1056, 'Price Increase': 0.1158, 'Price Mismatch': 0.5404, 'Quantity-Price Concern': 0.1048}",CRITICAL (Immediate Billing Action),"['menu', 'mismatch']","URGENT AUDIT REQUIRED: Inspect POS billing registers, cash counters, and verify that physical menu board prices exactly match the billed amounts."
The overall pricing seems less than fair.,General Price Complaint,Negative,the overall pricing seems less than fair,7,40,The overall pricing seems less than fair.,the overall pricing seems less than fair,Negative,0.7341526015612172,"{'Negative': 0.7342, 'Positive': 0.2658}",General Price Complaint,0.48494002773795314,"{'General Price Complaint': 0.4849, 'High Price': 0.1304, 'Price Increase': 0.155, 'Price Mismatch': 0.1258, 'Quantity-Price Concern': 0.1038}",MEDIUM (General Feedback),['fair'],FEEDBACK MONITORING: Keep track of customer satisfaction trends and periodically survey student sentiment regarding overall cafeteria value.
The price of the shakshuka is much too high.,High Price,Negative,the price of the shakshuka is much too high,9,43,The price of the shakshuka is much too high.,the price of the shakshuka is much too high,Negative,0.7530367185748748,"{'Negative': 0.753, 'Positive': 0.247}",High Price,0.5589406799804952,"{'General Price Complaint': 0.1148, 'High Price': 0.5589, 'Price Increase': 0.142, 'Price Mismatch': 0.0844, 'Quantity-Price Concern': 0.0998}",MEDIUM,['high'],PRICING REVIEW: Benchmark item cost against student budget guidelines. Consider offering budget-friendly student combos or subsidized staples.
I ordered the pizza and was charged 150 instead of 130.,Price Mismatch,Negative,i ordered the pizza and was charged 150 instead of 130,11,54,I ordered the pizza and was charged 150 instead of 130.,i ordered the pizza and was charged 150 instead of 130,Negative,0.770386037043338,"{'Negative': 0.7704, 'Positive': 0.2296}",Price Mismatch,0.5265204968049217,"{'General Price Complaint': 0.1071, 'High Price': 0.1254, 'Price Increase': 0.1356, 'Price Mismatch': 0.5265, 'Quantity-Price Concern': 0.1053}",CRITICAL (Immediate Billing Action),"['Amount/Number: 150', 'Amount/Number: 130', 'charged']","URGENT AUDIT REQUIRED: Inspect POS billing registers, cash counters, and verify that physical menu board prices exactly match the billed amounts."
I expected a bigger portion for the price paid.,Quantity-Price Concern,Negative,i expected a bigger portion for the price paid,9,46,I expected a bigger portion for the price paid.,i expected a bigger portion for the price paid,Negative,0.6251172048754149,"{'Negative': 0.6251, 'Positive': 0.3749}",Quantity-Price Concern,0.4336855249860406,"{'General Price Complaint': 0.1955, 'High Price': 0.1407, 'Price Increase': 0.1031, 'Price Mismatch': 0.1271, 'Quantity-Price Concern': 0.4337}",MEDIUM,['portion'],"PORTION AUDIT: Re-evaluate standard kitchen ladle sizes, plate portion weights, and value-to-cost perception for this food item."
The mutton roll is priced too high.,High Price,Negative,the mutton roll is priced too high,7,34,The mutton roll is priced too high.,the mutton roll is priced too high,Negative,0.7035736512999438,"{'Negative': 0.7036, 'Positive': 0.2964}",High Price,0.5668612645564641,"{'General Price Complaint': 0.1492, 'High Price': 0.5669, 'Price Increase': 0.1014, 'Price Mismatch': 0.09, 'Quantity-Price Concern': 0.0925}",MEDIUM,['high'],PRICING REVIEW: Benchmark item cost against student budget guidelines. Consider offering budget-friendly student combos or subsidized staples.
The menu listed 70 but I paid 90.,Price Mismatch,Negative,the menu listed 70 but i paid 90,8,32,The menu listed 70 but I paid 90.,the menu listed 70 but i paid 90,Negative,0.7671525771034702,"{'Negative': 0.7672, 'Positive': 0.2328}",Price Mismatch,0.6387317936429445,"{'General Price Complaint': 0.0917, 'High Price': 0.0795, 'Price Increase': 0.0916, 'Price Mismatch': 0.6387, 'Quantity-Price Concern': 0.0984}",CRITICAL (Immediate Billing Action),"['Amount/Number: 70', 'Amount/Number: 90', 'menu']","URGENT AUDIT REQUIRED: Inspect POS billing registers, cash counters, and verify that physical menu board prices exactly match the billed amounts."
The kachori price is too high for the quantity.,High Price,Negative,the kachori price is too high for the quantity,9,46,The kachori price is too high for the quantity.,the kachori price is too high for the quantity,Negative,0.7219014476730088,"{'Negative': 0.7219, 'Positive': 0.2781}",High Price,0.487177222234919,"{'General Price Complaint': 0.1452, 'High Price': 0.4872, 'Price Increase': 0.0757, 'Price Mismatch': 0.0692, 'Quantity-Price Concern': 0.2228}",MEDIUM,['high'],PRICING REVIEW: Benchmark item cost against student budget guidelines. Consider offering budget-friendly student combos or subsidized staples.
This price increase is not reasonable for a small snack.,Price Increase,Negative,this price increase is not reasonable for a small snack,10,55,This price increase is not reasonable for a small snack.,this price increase is not reasonable for a small snack,Negative,0.6657042533045903,"{'Negative': 0.6657, 'Positive': 0.3343}",Quantity-Price Concern,0.2766141882369838,"{'General Price Complaint': 0.2407, 'High Price': 0.1677, 'Price Increase': 0.2112, 'Price Mismatch': 0.1039, 'Quantity-Price Concern': 0.2766}",MEDIUM,['small'],"PORTION AUDIT: Re-evaluate standard kitchen ladle sizes, plate portion weights, and value-to-cost perception for this food item."
The cost of my usual snack has gone up unexpectedly.,Price Increase,Negative,the cost of my usual snack has gone up unexpectedly,10,51,The cost of my usual snack has gone up unexpectedly.,the cost of my usual snack has gone up unexpectedly,Negative,0.7520708869859978,"{'Negative': 0.7521, 'Positive': 0.2479}",Price Increase,0.5251167408326063,"{'General Price Complaint': 0.1169, 'High Price': 0.1307, 'Price Increase': 0.5251, 'Price Mismatch': 0.1158, 'Quantity-Price Concern': 0.1114}",MEDIUM (Pricing Policy),[],"TRANSPARENCY NOTICE: If prices were recently revised due to inflation or input costs, display an informative notice to students explaining the reasons in advance."
This item is too expensive for a casual snack.,General Price Complaint,Negative,this item is too expensive for a casual snack,9,45,This item is too expensive for a casual snack.,this item is too expensive for a casual snack,Negative,0.7240510028762388,"{'Negative': 0.7241, 'Positive': 0.2759}",High Price,0.4708388402141113,"{'General Price Complaint': 0.2066, 'High Price': 0.4708, 'Price Increase': 0.1438, 'Price Mismatch': 0.0479, 'Quantity-Price Concern': 0.1309}",MEDIUM,['expensive'],PRICING REVIEW: Benchmark item cost against student budget guidelines. Consider offering budget-friendly student combos or subsidized staples.
The price of the milkshake has gone up noticeably.,Price Increase,Negative,the price of the milkshake has gone up noticeably,9,49,The price of the milkshake has gone up noticeably.,the price of the milkshake has gone up noticeably,Negative,0.745060591495078,"{'Negative': 0.7451, 'Positive': 0.2549}",Price Increase,0.5141049282645109,"{'General Price Complaint': 0.1235, 'High Price': 0.1359, 'Price Increase': 0.5141, 'Price Mismatch': 0.1167, 'Quantity-Price Concern': 0.1099}",MEDIUM (Pricing Policy),[],"TRANSPARENCY NOTICE: If prices were recently revised due to inflation or input costs, display an informative notice to students explaining the reasons in advance."
The quantity is very less for this price.,Quantity-Price Concern,Negative,the quantity is very less for this price,8,40,The quantity is very less for this price.,the quantity is very less for this price,Negative,0.7477769231047036,"{'Negative': 0.7478, 'Positive': 0.2522}",Quantity-Price Concern,0.6866041708470895,"{'General Price Complaint': 0.1107, 'High Price': 0.0827, 'Price Increase': 0.0637, 'Price Mismatch': 0.0563, 'Quantity-Price Concern': 0.6866}",HIGH (Review Required),"['quantity', 'less']","PORTION AUDIT: Re-evaluate standard kitchen ladle sizes, plate portion weights, and value-to-cost perception for this food item."
The cost of coffee increased without warning.,Price Increase,Negative,the cost of coffee increased without warning,7,44,The cost of coffee increased without warning.,the cost of coffee increased without warning,Negative,0.7200415418748509,"{'Negative': 0.72, 'Positive': 0.28}",Price Increase,0.527550837733596,"{'General Price Complaint': 0.1206, 'High Price': 0.1366, 'Price Increase': 0.5276, 'Price Mismatch': 0.109, 'Quantity-Price Concern': 0.1062}",MEDIUM (Pricing Policy),['increased'],"TRANSPARENCY NOTICE: If prices were recently revised due to inflation or input costs, display an informative notice to students explaining the reasons in advance."
Food prices are not justified in this shop.,General Price Complaint,Negative,food prices are not justified in this shop,8,42,Food prices are not justified in this shop.,food prices are not justified in this shop,Negative,0.6466496022675642,"{'Negative': 0.6466, 'Positive': 0.3534}",General Price Complaint,0.40505761942268403,"{'General Price Complaint': 0.4051, 'High Price': 0.1293, 'Price Increase': 0.2534, 'Price Mismatch': 0.0996, 'Quantity-Price Concern': 0.1126}",MEDIUM (General Feedback),[],FEEDBACK MONITORING: Keep track of customer satisfaction trends and periodically survey student sentiment regarding overall cafeteria value.
Food prices have been rising and the quality remains the same.,Price Increase,Negative,food prices have been rising and the quality remains the same,11,61,Food prices have been rising and the quality remains the same.,food prices have been rising and the quality remains the same,Negative,0.5259147913962824,"{'Negative': 0.5259, 'Positive': 0.4741}",Price Increase,0.4282653458512862,"{'General Price Complaint': 0.2091, 'High Price': 0.1244, 'Price Increase': 0.4283, 'Price Mismatch': 0.1272, 'Quantity-Price Concern': 0.111}",MEDIUM (Pricing Policy),[],"TRANSPARENCY NOTICE: If prices were recently revised due to inflation or input costs, display an informative notice to students explaining the reasons in advance."
The cost of the curry increased compared to last time.,Price Increase,Negative,the cost of the curry increased compared to last time,10,53,The cost of the curry increased compared to last time.,the cost of the curry increased compared to last time,Negative,0.7100750547371155,"{'Negative': 0.7101, 'Positive': 0.2899}",Price Increase,0.4664222618419873,"{'General Price Complaint': 0.1151, 'High Price': 0.1767, 'Price Increase': 0.4664, 'Price Mismatch': 0.1232, 'Quantity-Price Concern': 0.1185}",MEDIUM (Pricing Policy),['increased'],"TRANSPARENCY NOTICE: If prices were recently revised due to inflation or input costs, display an informative notice to students explaining the reasons in advance."
The rise in tea cost is unreasonable.,Price Increase,Negative,the rise in tea cost is unreasonable,7,36,The rise in tea cost is unreasonable.,the rise in tea cost is unreasonable,Negative,0.7407537683129879,"{'Negative': 0.7408, 'Positive': 0.2592}",Price Increase,0.4066609998568926,"{'General Price Complaint': 0.164, 'High Price': 0.1958, 'Price Increase': 0.4067, 'Price Mismatch': 0.1165, 'Quantity-Price Concern': 0.117}",MEDIUM (Pricing Policy),[],"TRANSPARENCY NOTICE: If prices were recently revised due to inflation or input costs, display an informative notice to students explaining the reasons in advance."
This order had a price mismatch at checkout.,Price Mismatch,Negative,this order had a price mismatch at checkout,8,43,This order had a price mismatch at checkout.,this order had a price mismatch at checkout,Negative,0.7513310841685313,"{'Negative': 0.7513, 'Positive': 0.2487}",Price Mismatch,0.4001873069813319,"{'General Price Complaint': 0.1534, 'High Price': 0.1365, 'Price Increase': 0.1587, 'Price Mismatch': 0.4002, 'Quantity-Price Concern': 0.1512}",CRITICAL (Immediate Billing Action),['mismatch'],"URGENT AUDIT REQUIRED: Inspect POS billing registers, cash counters, and verify that physical menu board prices exactly match the billed amounts."
The price has risen and there is no explanation.,Price Increase,Negative,the price has risen and there is no explanation,9,47,The price has risen and there is no explanation.,the price has risen and there is no explanation,Negative,0.7438535774684272,"{'Negative': 0.7439, 'Positive': 0.2561}",Price Increase,0.46723420839339835,"{'General Price Complaint': 0.1446, 'High Price': 0.1271, 'Price Increase': 0.4672, 'Price Mismatch': 0.126, 'Quantity-Price Concern': 0.1351}",MEDIUM (Pricing Policy),[],"TRANSPARENCY NOTICE: If prices were recently revised due to inflation or input costs, display an informative notice to students explaining the reasons in advance."
Poor quantity-to-price ratio for this item.,Quantity-Price Concern,Negative,poor quantity to price ratio for this item,8,42,Poor quantity-to-price ratio for this item.,poor quantity to price ratio for this item,Negative,0.7236186233670288,"{'Negative': 0.7236, 'Positive': 0.2764}",Quantity-Price Concern,0.45669861543346113,"{'General Price Complaint': 0.2228, 'High Price': 0.1207, 'Price Increase': 0.1203, 'Price Mismatch': 0.0795, 'Quantity-Price Concern': 0.4567}",MEDIUM,['quantity'],"PORTION AUDIT: Re-evaluate standard kitchen ladle sizes, plate portion weights, and value-to-cost perception for this food item."
The price is fair for the dish quality.,General Price Complaint,Positive,the price is fair for the dish quality,8,38,The price is fair for the dish quality.,the price is fair for the dish quality,Positive,0.793551629668264,"{'Negative': 0.2064, 'Positive': 0.7936}",General Price Complaint,0.5520762354812917,"{'General Price Complaint': 0.5521, 'High Price': 0.1293, 'Price Increase': 0.0942, 'Price Mismatch': 0.0818, 'Quantity-Price Concern': 0.1426}",LOW (Positive Sentiment),"['price', 'fair']",BENCHMARK EXCELLENCE: Item price and quality are well-received by customers. Maintain current portion and pricing standards as best practices.
The item is underfilled for the price it sells at.,Quantity-Price Concern,Negative,the item is underfilled for the price it sells at,10,49,The item is underfilled for the price it sells at.,the item is underfilled for the price it sells at,Negative,0.7371587127376231,"{'Negative': 0.7372, 'Positive': 0.2628}",Quantity-Price Concern,0.4269792299794918,"{'General Price Complaint': 0.1852, 'High Price': 0.1307, 'Price Increase': 0.1424, 'Price Mismatch': 0.1147, 'Quantity-Price Concern': 0.427}",MEDIUM,[],"PORTION AUDIT: Re-evaluate standard kitchen ladle sizes, plate portion weights, and value-to-cost perception for this food item."
The listed price was 32 but they took 45 from me.,Price Mismatch,Negative,the listed price was 32 but they took 45 from me,11,48,The listed price was 32 but they took 45 from me.,the listed price was 32 but they took 45 from me,Negative,0.7636233350390162,"{'Negative': 0.7636, 'Positive': 0.2364}",Price Mismatch,0.554353970788467,"{'General Price Complaint': 0.1081, 'High Price': 0.1041, 'Price Increase': 0.1319, 'Price Mismatch': 0.5544, 'Quantity-Price Concern': 0.1015}",CRITICAL (Immediate Billing Action),"['Amount/Number: 32', 'Amount/Number: 45']","URGENT AUDIT REQUIRED: Inspect POS billing registers, cash counters, and verify that physical menu board prices exactly match the billed amounts."
The item is expensive but extremely small.,Quantity-Price Concern,Negative,the item is expensive but extremely small,7,41,The item is expensive but extremely small.,the item is expensive but extremely small,Negative,0.7636669313717588,"{'Negative': 0.7637, 'Positive': 0.2363}",Quantity-Price Concern,0.35905349817126264,"{'General Price Complaint': 0.1771, 'High Price': 0.1721, 'Price Increase': 0.1598, 'Price Mismatch': 0.132, 'Quantity-Price Concern': 0.3591}",MEDIUM,['small'],"PORTION AUDIT: Re-evaluate standard kitchen ladle sizes, plate portion weights, and value-to-cost perception for this food item."
The amount charged is high but the quantity is low.,Quantity-Price Concern,Negative,the amount charged is high but the quantity is low,10,50,The amount charged is high but the quantity is low.,the amount charged is high but the quantity is low,Negative,0.812062867328794,"{'Negative': 0.8121, 'Positive': 0.1879}",Quantity-Price Concern,0.604533099998795,"{'General Price Complaint': 0.0747, 'High Price': 0.0936, 'Price Increase': 0.0807, 'Price Mismatch': 0.1465, 'Quantity-Price Concern': 0.6045}",HIGH (Review Required),['quantity'],"PORTION AUDIT: Re-evaluate standard kitchen ladle sizes, plate portion weights, and value-to-cost perception for this food item."
The sandwich is priced much higher than similar outlets.,High Price,Negative,the sandwich is priced much higher than similar outlets,9,55,The sandwich is priced much higher than similar outlets.,the sandwich is priced much higher than similar outlets,Negative,0.706554490430454,"{'Negative': 0.7066, 'Positive': 0.2934}",High Price,0.4865133103925409,"{'General Price Complaint': 0.1641, 'High Price': 0.4865, 'Price Increase': 0.1526, 'Price Mismatch': 0.1135, 'Quantity-Price Concern': 0.0833}",MEDIUM,[],PRICING REVIEW: Benchmark item cost against student budget guidelines. Consider offering budget-friendly student combos or subsidized staples.
The quantity is poor for the price of this burger.,Quantity-Price Concern,Negative,the quantity is poor for the price of this burger,10,49,The quantity is poor for the price of this burger.,the quantity is poor for the price of this burger,Negative,0.6717328458561247,"{'Negative': 0.6717, 'Positive': 0.3283}",Quantity-Price Concern,0.5766991540846911,"{'General Price Complaint': 0.1284, 'High Price': 0.1524, 'Price Increase': 0.084, 'Price Mismatch': 0.0585, 'Quantity-Price Concern': 0.5767}",MEDIUM,['quantity'],"PORTION AUDIT: Re-evaluate standard kitchen ladle sizes, plate portion weights, and value-to-cost perception for this food item."
The pricing feels unfair for a simple product.,High Price,Negative,the pricing feels unfair for a simple product,8,45,The pricing feels unfair for a simple product.,the pricing feels unfair for a simple product,Negative,0.7371712363378032,"{'Negative': 0.7372, 'Positive': 0.2628}",High Price,0.36666409226646085,"{'General Price Complaint': 0.2438, 'High Price': 0.3667, 'Price Increase': 0.1453, 'Price Mismatch': 0.1233, 'Quantity-Price Concern': 0.1209}",MEDIUM,[],PRICING REVIEW: Benchmark item cost against student budget guidelines. Consider offering budget-friendly student combos or subsidized staples.
The bag is very light for the price given.,Quantity-Price Concern,Negative,the bag is very light for the price given,9,41,The bag is very light for the price given.,the bag is very light for the price given,Negative,0.7057397732456744,"{'Negative': 0.7057, 'Positive': 0.2943}",Quantity-Price Concern,0.47537976136896587,"{'General Price Complaint': 0.1635, 'High Price': 0.1351, 'Price Increase': 0.1158, 'Price Mismatch': 0.1102, 'Quantity-Price Concern': 0.4754}",MEDIUM,[],"PORTION AUDIT: Re-evaluate standard kitchen ladle sizes, plate portion weights, and value-to-cost perception for this food item."
The menu displayed 145 but the bill total was 180.,Price Mismatch,Negative,the menu displayed 145 but the bill total was 180,10,49,The menu displayed 145 but the bill total was 180.,the menu displayed 145 but the bill total was 180,Negative,0.7903067209214035,"{'Negative': 0.7903, 'Positive': 0.2097}",Price Mismatch,0.6539285539585808,"{'General Price Complaint': 0.0822, 'High Price': 0.08, 'Price Increase': 0.0977, 'Price Mismatch': 0.6539, 'Quantity-Price Concern': 0.0862}",CRITICAL (Immediate Billing Action),"['Amount/Number: 145', 'Amount/Number: 180', 'menu', 'bill']","URGENT AUDIT REQUIRED: Inspect POS billing registers, cash counters, and verify that physical menu board prices exactly match the billed amounts."
The food prices are higher than nearby alternatives.,General Price Complaint,Negative,the food prices are higher than nearby alternatives,8,51,The food prices are higher than nearby alternatives.,the food prices are higher than nearby alternatives,Negative,0.6728111038681496,"{'Negative': 0.6728, 'Positive': 0.3272}",General Price Complaint,0.41299706219862253,"{'General Price Complaint': 0.413, 'High Price': 0.1494, 'Price Increase': 0.1996, 'Price Mismatch': 0.1296, 'Quantity-Price Concern': 0.1084}",MEDIUM (General Feedback),[],FEEDBACK MONITORING: Keep track of customer satisfaction trends and periodically survey student sentiment regarding overall cafeteria value.
The price of the samosa is too high for the portion served.,High Price,Negative,the price of the samosa is too high for the portion served,12,58,The price of the samosa is too high for the portion served.,the price of the samosa is too high for the portion served,Negative,0.5250559162276391,"{'Negative': 0.5251, 'Positive': 0.4749}",High Price,0.5226005202015127,"{'General Price Complaint': 0.1512, 'High Price': 0.5226, 'Price Increase': 0.1043, 'Price Mismatch': 0.056, 'Quantity-Price Concern': 0.1659}",MEDIUM,['high'],PRICING REVIEW: Benchmark item cost against student budget guidelines. Consider offering budget-friendly student combos or subsidized staples.
The food price is reasonable compared to other caf?s.,General Price Complaint,Positive,the food price is reasonable compared to other caf s,10,52,The food price is reasonable compared to other caf?s.,the food price is reasonable compared to other caf s,Positive,0.7307145749637207,"{'Negative': 0.2693, 'Positive': 0.7307}",General Price Complaint,0.33548294244900306,"{'General Price Complaint': 0.3355, 'High Price': 0.1943, 'Price Increase': 0.1546, 'Price Mismatch': 0.1488, 'Quantity-Price Concern': 0.1668}",LOW (Positive Sentiment),"['price', 'reasonable']",BENCHMARK EXCELLENCE: Item price and quality are well-received by customers. Maintain current portion and pricing standards as best practices.
The meal is clearly overpriced for the quality.,High Price,Negative,the meal is clearly overpriced for the quality,8,46,The meal is clearly overpriced for the quality.,the meal is clearly overpriced for the quality,Positive,0.6536774360731913,"{'Negative': 0.3463, 'Positive': 0.6537}",High Price,0.42941605478332356,"{'General Price Complaint': 0.2212, 'High Price': 0.4294, 'Price Increase': 0.1149, 'Price Mismatch': 0.0901, 'Quantity-Price Concern': 0.1444}",LOW (Positive Sentiment),['overpriced'],BENCHMARK EXCELLENCE: Item price and quality are well-received by customers. Maintain current portion and pricing standards as best practices.
The price of the food is reasonable for the quality offered.,General Price Complaint,Positive,the price of the food is reasonable for the quality offered,11,59,The price of the food is reasonable for the quality offered.,the price of the food is reasonable for the quality offered,Positive,0.7808550008813925,"{'Negative': 0.2191, 'Positive': 0.7809}",General Price Complaint,0.4733506227432597,"{'General Price Complaint': 0.4734, 'High Price': 0.1699, 'Price Increase': 0.1238, 'Price Mismatch': 0.0803, 'Quantity-Price Concern': 0.1526}",LOW (Positive Sentiment),"['price', 'reasonable']",BENCHMARK EXCELLENCE: Item price and quality are well-received by customers. Maintain current portion and pricing standards as best practices.
"The bill shows 120, while the menu price is 95.",Price Mismatch,Negative,the bill shows 120 while the menu price is 95,10,45,"The bill shows 120, while the menu price is 95.",the bill shows 120 while the menu price is 95,Negative,0.7579976022679014,"{'Negative': 0.758, 'Positive': 0.242}",Price Mismatch,0.5875963033703938,"{'General Price Complaint': 0.1155, 'High Price': 0.1, 'Price Increase': 0.1092, 'Price Mismatch': 0.5876, 'Quantity-Price Concern': 0.0877}",CRITICAL (Immediate Billing Action),"['Amount/Number: 120', 'Amount/Number: 95', 'menu', 'bill']","URGENT AUDIT REQUIRED: Inspect POS billing registers, cash counters, and verify that physical menu board prices exactly match the billed amounts."
The rate has climbed compared to earlier this year.,Price Increase,Negative,the rate has climbed compared to earlier this year,9,50,The rate has climbed compared to earlier this year.,the rate has climbed compared to earlier this year,Negative,0.7388341823449476,"{'Negative': 0.7388, 'Positive': 0.2612}",Price Increase,0.3984486767076346,"{'General Price Complaint': 0.1417, 'High Price': 0.1611, 'Price Increase': 0.3984, 'Price Mismatch': 0.1622, 'Quantity-Price Concern': 0.1365}",MEDIUM (Pricing Policy),[],"TRANSPARENCY NOTICE: If prices were recently revised due to inflation or input costs, display an informative notice to students explaining the reasons in advance."
The burger now costs more than last month for the same size.,Price Increase,Negative,the burger now costs more than last month for the same size,12,59,The burger now costs more than last month for the same size.,the burger now costs more than last month for the same size,Negative,0.7467357334246891,"{'Negative': 0.7467, 'Positive': 0.2533}",Price Increase,0.5233049894075691,"{'General Price Complaint': 0.1264, 'High Price': 0.1458, 'Price Increase': 0.5233, 'Price Mismatch': 0.0944, 'Quantity-Price Concern': 0.1101}",MEDIUM (Pricing Policy),['now'],"TRANSPARENCY NOTICE: If prices were recently revised due to inflation or input costs, display an informative notice to students explaining the reasons in advance."
The bill is inconsistent with the menu display.,Price Mismatch,Negative,the bill is inconsistent with the menu display,8,46,The bill is inconsistent with the menu display.,the bill is inconsistent with the menu display,Negative,0.7251604230571659,"{'Negative': 0.7252, 'Positive': 0.2748}",Price Mismatch,0.5591108390610111,"{'General Price Complaint': 0.1329, 'High Price': 0.1059, 'Price Increase': 0.1045, 'Price Mismatch': 0.5591, 'Quantity-Price Concern': 0.0976}",CRITICAL (Immediate Billing Action),"['menu', 'bill', 'display', 'inconsistent']","URGENT AUDIT REQUIRED: Inspect POS billing registers, cash counters, and verify that physical menu board prices exactly match the billed amounts."
The tea price has risen recently and feels excessive.,Price Increase,Negative,the tea price has risen recently and feels excessive,9,52,The tea price has risen recently and feels excessive.,the tea price has risen recently and feels excessive,Negative,0.7007743063253622,"{'Negative': 0.7008, 'Positive': 0.2992}",Price Increase,0.5290702168596534,"{'General Price Complaint': 0.1424, 'High Price': 0.133, 'Price Increase': 0.5291, 'Price Mismatch': 0.1093, 'Quantity-Price Concern': 0.0862}",MEDIUM (Pricing Policy),[],"TRANSPARENCY NOTICE: If prices were recently revised due to inflation or input costs, display an informative notice to students explaining the reasons in advance."
The price of the samosa increased a lot this month.,Price Increase,Negative,the price of the samosa increased a lot this month,10,50,The price of the samosa increased a lot this month.,the price of the samosa increased a lot this month,Negative,0.6584431916310993,"{'Negative': 0.6584, 'Positive': 0.3416}",Price Increase,0.41448543787678016,"{'General Price Complaint': 0.1459, 'High Price': 0.1937, 'Price Increase': 0.4145, 'Price Mismatch': 0.1142, 'Quantity-Price Concern': 0.1318}",MEDIUM (Pricing Policy),['increased'],"TRANSPARENCY NOTICE: If prices were recently revised due to inflation or input costs, display an informative notice to students explaining the reasons in advance."
"The price board says 65, yet my bill was 82.",Price Mismatch,Negative,the price board says 65 yet my bill was 82,10,42,"The price board says 65, yet my bill was 82.",the price board says 65 yet my bill was 82,Negative,0.7718510412241772,"{'Negative': 0.7719, 'Positive': 0.2281}",Price Mismatch,0.5246330916863202,"{'General Price Complaint': 0.1189, 'High Price': 0.1064, 'Price Increase': 0.136, 'Price Mismatch': 0.5246, 'Quantity-Price Concern': 0.1142}",CRITICAL (Immediate Billing Action),"['Amount/Number: 65', 'Amount/Number: 82', 'bill']","URGENT AUDIT REQUIRED: Inspect POS billing registers, cash counters, and verify that physical menu board prices exactly match the billed amounts."
I was charged 90 while the sticker said 70.,Price Mismatch,Negative,i was charged 90 while the sticker said 70,9,42,I was charged 90 while the sticker said 70.,i was charged 90 while the sticker said 70,Negative,0.8020951647238985,"{'Negative': 0.8021, 'Positive': 0.1979}",Price Mismatch,0.5726072775776501,"{'General Price Complaint': 0.0986, 'High Price': 0.1012, 'Price Increase': 0.1227, 'Price Mismatch': 0.5726, 'Quantity-Price Concern': 0.1049}",CRITICAL (Immediate Billing Action),"['Amount/Number: 90', 'Amount/Number: 70', 'charged']","URGENT AUDIT REQUIRED: Inspect POS billing registers, cash counters, and verify that physical menu board prices exactly match the billed amounts."
The fries are priced higher than the market standard.,High Price,Negative,the fries are priced higher than the market standard,9,52,The fries are priced higher than the market standard.,the fries are priced higher than the market standard,Negative,0.7020187436802228,"{'Negative': 0.702, 'Positive': 0.298}",High Price,0.41550462217447254,"{'General Price Complaint': 0.172, 'High Price': 0.4155, 'Price Increase': 0.1506, 'Price Mismatch': 0.169, 'Quantity-Price Concern': 0.0929}",MEDIUM,[],PRICING REVIEW: Benchmark item cost against student budget guidelines. Consider offering budget-friendly student combos or subsidized staples.
The price is slightly on the higher side.,General Price Complaint,Negative,the price is slightly on the higher side,8,40,The price is slightly on the higher side.,the price is slightly on the higher side,Negative,0.684720950339384,"{'Negative': 0.6847, 'Positive': 0.3153}",General Price Complaint,0.4155431808146089,"{'General Price Complaint': 0.4155, 'High Price': 0.1333, 'Price Increase': 0.1548, 'Price Mismatch': 0.1815, 'Quantity-Price Concern': 0.1149}",MEDIUM (General Feedback),['price'],FEEDBACK MONITORING: Keep track of customer satisfaction trends and periodically survey student sentiment regarding overall cafeteria value.
The serving size is disappointing for this price.,Quantity-Price Concern,Negative,the serving size is disappointing for this price,8,48,The serving size is disappointing for this price.,the serving size is disappointing for this price,Negative,0.7349727027714775,"{'Negative': 0.735, 'Positive': 0.265}",Quantity-Price Concern,0.5427925754318589,"{'General Price Complaint': 0.1416, 'High Price': 0.1376, 'Price Increase': 0.0957, 'Price Mismatch': 0.0823, 'Quantity-Price Concern': 0.5428}",MEDIUM,['size'],"PORTION AUDIT: Re-evaluate standard kitchen ladle sizes, plate portion weights, and value-to-cost perception for this food item."
I feel the pastry is overpriced here.,High Price,Negative,i feel the pastry is overpriced here,7,36,I feel the pastry is overpriced here.,i feel the pastry is overpriced here,Negative,0.5935855428909382,"{'Negative': 0.5936, 'Positive': 0.4064}",High Price,0.4251879933488255,"{'General Price Complaint': 0.2267, 'High Price': 0.4252, 'Price Increase': 0.1181, 'Price Mismatch': 0.1204, 'Quantity-Price Concern': 0.1097}",MEDIUM,['overpriced'],PRICING REVIEW: Benchmark item cost against student budget guidelines. Consider offering budget-friendly student combos or subsidized staples.
I am okay with the pricing for this quality.,General Price Complaint,Positive,i am okay with the pricing for this quality,9,43,I am okay with the pricing for this quality.,i am okay with the pricing for this quality,Positive,0.705218861351981,"{'Negative': 0.2948, 'Positive': 0.7052}",General Price Complaint,0.47419699334849413,"{'General Price Complaint': 0.4742, 'High Price': 0.1594, 'Price Increase': 0.127, 'Price Mismatch': 0.1164, 'Quantity-Price Concern': 0.123}",LOW (Positive Sentiment),[],BENCHMARK EXCELLENCE: Item price and quality are well-received by customers. Maintain current portion and pricing standards as best practices.
The prices are rising too often and too sharply.,Price Increase,Negative,the prices are rising too often and too sharply,9,47,The prices are rising too often and too sharply.,the prices are rising too often and too sharply,Negative,0.7014594019084173,"{'Negative': 0.7015, 'Positive': 0.2985}",Price Increase,0.34170623935202254,"{'General Price Complaint': 0.1833, 'High Price': 0.2315, 'Price Increase': 0.3417, 'Price Mismatch': 0.1268, 'Quantity-Price Concern': 0.1167}",MEDIUM (Pricing Policy),[],"TRANSPARENCY NOTICE: If prices were recently revised due to inflation or input costs, display an informative notice to students explaining the reasons in advance."
Why is the paneer roll so expensive today?,High Price,Negative,why is the paneer roll so expensive today,8,41,Why is the paneer roll so expensive today?,why is the paneer roll so expensive today,Negative,0.7003256593804199,"{'Negative': 0.7003, 'Positive': 0.2997}",High Price,0.38769464306933893,"{'General Price Complaint': 0.1585, 'High Price': 0.3877, 'Price Increase': 0.1827, 'Price Mismatch': 0.1424, 'Quantity-Price Concern': 0.1286}",MEDIUM,['expensive'],PRICING REVIEW: Benchmark item cost against student budget guidelines. Consider offering budget-friendly student combos or subsidized staples.
The sandwich price has increased but the portion has not.,Price Increase,Negative,the sandwich price has increased but the portion has not,10,56,The sandwich price has increased but the portion has not.,the sandwich price has increased but the portion has not,Negative,0.7584890847400736,"{'Negative': 0.7585, 'Positive': 0.2415}",Price Increase,0.5555531938113524,"{'General Price Complaint': 0.1019, 'High Price': 0.0976, 'Price Increase': 0.5556, 'Price Mismatch': 0.1285, 'Quantity-Price Concern': 0.1165}",MEDIUM (Pricing Policy),['increased'],"TRANSPARENCY NOTICE: If prices were recently revised due to inflation or input costs, display an informative notice to students explaining the reasons in advance."
I did not get a fair quantity for this price.,Quantity-Price Concern,Negative,i did not get a fair quantity for this price,10,44,I did not get a fair quantity for this price.,i did not get a fair quantity for this price,Negative,0.6808620151674958,"{'Negative': 0.6809, 'Positive': 0.3191}",Quantity-Price Concern,0.4958521348732427,"{'General Price Complaint': 0.1911, 'High Price': 0.1112, 'Price Increase': 0.102, 'Price Mismatch': 0.0998, 'Quantity-Price Concern': 0.4959}",MEDIUM,['quantity'],"PORTION AUDIT: Re-evaluate standard kitchen ladle sizes, plate portion weights, and value-to-cost perception for this food item."
This meal offers reasonable value for its price.,General Price Complaint,Positive,this meal offers reasonable value for its price,8,47,This meal offers reasonable value for its price.,this meal offers reasonable value for its price,Positive,0.7130820829521846,"{'Negative': 0.2869, 'Positive': 0.7131}",General Price Complaint,0.3580241644383688,"{'General Price Complaint': 0.358, 'High Price': 0.192, 'Price Increase': 0.1445, 'Price Mismatch': 0.1267, 'Quantity-Price Concern': 0.1788}",LOW (Positive Sentiment),"['price', 'reasonable']",BENCHMARK EXCELLENCE: Item price and quality are well-received by customers. Maintain current portion and pricing standards as best practices.
Everything is getting more expensive without reason.,Price Increase,Negative,everything is getting more expensive without reason,7,51,Everything is getting more expensive without reason.,everything is getting more expensive without reason,Negative,0.7252486653675791,"{'Negative': 0.7252, 'Positive': 0.2748}",Price Increase,0.49803290290281044,"{'General Price Complaint': 0.1387, 'High Price': 0.1515, 'Price Increase': 0.498, 'Price Mismatch': 0.1136, 'Quantity-Price Concern': 0.0981}",MEDIUM (Pricing Policy),[],"TRANSPARENCY NOTICE: If prices were recently revised due to inflation or input costs, display an informative notice to students explaining the reasons in advance."
The price of the pastry is too high in this caf?.,High Price,Negative,the price of the pastry is too high in this caf,11,47,The price of the pastry is too high in this caf?.,the price of the pastry is too high in this caf,Negative,0.6546441341661771,"{'Negative': 0.6546, 'Positive': 0.3454}",High Price,0.5066784493535186,"{'General Price Complaint': 0.1535, 'High Price': 0.5067, 'Price Increase': 0.1506, 'Price Mismatch': 0.0768, 'Quantity-Price Concern': 0.1124}",MEDIUM,['high'],PRICING REVIEW: Benchmark item cost against student budget guidelines. Consider offering budget-friendly student combos or subsidized staples.
The menu says 25 but the invoice says 35.,Price Mismatch,Negative,the menu says 25 but the invoice says 35,9,40,The menu says 25 but the invoice says 35.,the menu says 25 but the invoice says 35,Negative,0.7695657825457292,"{'Negative': 0.7696, 'Positive': 0.2304}",Price Mismatch,0.6357808659066119,"{'General Price Complaint': 0.0915, 'High Price': 0.0885, 'Price Increase': 0.103, 'Price Mismatch': 0.6358, 'Quantity-Price Concern': 0.0812}",CRITICAL (Immediate Billing Action),"['Amount/Number: 25', 'Amount/Number: 35', 'menu']","URGENT AUDIT REQUIRED: Inspect POS billing registers, cash counters, and verify that physical menu board prices exactly match the billed amounts."
This item costs more than it should here.,General Price Complaint,Negative,this item costs more than it should here,8,40,This item costs more than it should here.,this item costs more than it should here,Negative,0.7849489702659822,"{'Negative': 0.7849, 'Positive': 0.2151}",General Price Complaint,0.3177784887662345,"{'General Price Complaint': 0.3178, 'High Price': 0.229, 'Price Increase': 0.256, 'Price Mismatch': 0.1092, 'Quantity-Price Concern': 0.0879}",MEDIUM (General Feedback),[],FEEDBACK MONITORING: Keep track of customer satisfaction trends and periodically survey student sentiment regarding overall cafeteria value.
I think the pricing is unreasonable here.,High Price,Negative,i think the pricing is unreasonable here,7,40,I think the pricing is unreasonable here.,i think the pricing is unreasonable here,Negative,0.639573202931482,"{'Negative': 0.6396, 'Positive': 0.3604}",High Price,0.4182737877270549,"{'General Price Complaint': 0.2417, 'High Price': 0.4183, 'Price Increase': 0.1333, 'Price Mismatch': 0.1007, 'Quantity-Price Concern': 0.1061}",MEDIUM,[],PRICING REVIEW: Benchmark item cost against student budget guidelines. Consider offering budget-friendly student combos or subsidized staples.
The meal is too costly for a simple caf?.,General Price Complaint,Negative,the meal is too costly for a simple caf,9,39,The meal is too costly for a simple caf?.,the meal is too costly for a simple caf,Negative,0.661052972552044,"{'Negative': 0.6611, 'Positive': 0.3389}",High Price,0.43091095497926424,"{'General Price Complaint': 0.245, 'High Price': 0.4309, 'Price Increase': 0.1135, 'Price Mismatch': 0.087, 'Quantity-Price Concern': 0.1235}",MEDIUM,['costly'],PRICING REVIEW: Benchmark item cost against student budget guidelines. Consider offering budget-friendly student combos or subsidized staples.
There is very little in the box for this price.,Quantity-Price Concern,Negative,there is very little in the box for this price,10,46,There is very little in the box for this price.,there is very little in the box for this price,Negative,0.753026521565291,"{'Negative': 0.753, 'Positive': 0.247}",Quantity-Price Concern,0.5086535209492127,"{'General Price Complaint': 0.1441, 'High Price': 0.1121, 'Price Increase': 0.1443, 'Price Mismatch': 0.0909, 'Quantity-Price Concern': 0.5087}",MEDIUM,['little'],"PORTION AUDIT: Re-evaluate standard kitchen ladle sizes, plate portion weights, and value-to-cost perception for this food item."
The parcel size is small for the price charged.,Quantity-Price Concern,Negative,the parcel size is small for the price charged,9,46,The parcel size is small for the price charged.,the parcel size is small for the price charged,Negative,0.7276744401501153,"{'Negative': 0.7277, 'Positive': 0.2723}",Quantity-Price Concern,0.5508799220018342,"{'General Price Complaint': 0.1265, 'High Price': 0.1181, 'Price Increase': 0.0948, 'Price Mismatch': 0.1097, 'Quantity-Price Concern': 0.5509}",MEDIUM,"['size', 'small']","PORTION AUDIT: Re-evaluate standard kitchen ladle sizes, plate portion weights, and value-to-cost perception for this food item."
The vada pav costs too much and feels inflated.,High Price,Negative,the vada pav costs too much and feels inflated,9,46,The vada pav costs too much and feels inflated.,the vada pav costs too much and feels inflated,Negative,0.7612312658531799,"{'Negative': 0.7612, 'Positive': 0.2388}",High Price,0.48626690801362776,"{'General Price Complaint': 0.1416, 'High Price': 0.4863, 'Price Increase': 0.1611, 'Price Mismatch': 0.1161, 'Quantity-Price Concern': 0.095}",MEDIUM,['too much'],PRICING REVIEW: Benchmark item cost against student budget guidelines. Consider offering budget-friendly student combos or subsidized staples.
The quantity is not worth the price of the item.,Quantity-Price Concern,Negative,the quantity is not worth the price of the item,10,47,The quantity is not worth the price of the item.,the quantity is not worth the price of the item,Negative,0.703269106666812,"{'Negative': 0.7033, 'Positive': 0.2967}",Quantity-Price Concern,0.4575316912541417,"{'General Price Complaint': 0.1633, 'High Price': 0.1818, 'Price Increase': 0.1292, 'Price Mismatch': 0.0682, 'Quantity-Price Concern': 0.4575}",MEDIUM,['quantity'],"PORTION AUDIT: Re-evaluate standard kitchen ladle sizes, plate portion weights, and value-to-cost perception for this food item."
The quantity is low and the value is poor.,Quantity-Price Concern,Negative,the quantity is low and the value is poor,9,41,The quantity is low and the value is poor.,the quantity is low and the value is poor,Negative,0.735038889679189,"{'Negative': 0.735, 'Positive': 0.265}",Quantity-Price Concern,0.6072866094438056,"{'General Price Complaint': 0.1107, 'High Price': 0.1047, 'Price Increase': 0.0945, 'Price Mismatch': 0.0828, 'Quantity-Price Concern': 0.6073}",HIGH (Review Required),['quantity'],"PORTION AUDIT: Re-evaluate standard kitchen ladle sizes, plate portion weights, and value-to-cost perception for this food item."
This tea is definitely overpriced.,High Price,Negative,this tea is definitely overpriced,5,33,This tea is definitely overpriced.,this tea is definitely overpriced,Negative,0.6527992911343246,"{'Negative': 0.6528, 'Positive': 0.3472}",High Price,0.40166686258289563,"{'General Price Complaint': 0.1872, 'High Price': 0.4017, 'Price Increase': 0.1611, 'Price Mismatch': 0.1187, 'Quantity-Price Concern': 0.1314}",MEDIUM,['overpriced'],PRICING REVIEW: Benchmark item cost against student budget guidelines. Consider offering budget-friendly student combos or subsidized staples.
The bun is way too expensive for a simple snack.,High Price,Negative,the bun is way too expensive for a simple snack,10,47,The bun is way too expensive for a simple snack.,the bun is way too expensive for a simple snack,Negative,0.7438754352484038,"{'Negative': 0.7439, 'Positive': 0.2561}",High Price,0.5046143273637734,"{'General Price Complaint': 0.1534, 'High Price': 0.5046, 'Price Increase': 0.1277, 'Price Mismatch': 0.0922, 'Quantity-Price Concern': 0.1221}",MEDIUM,['expensive'],PRICING REVIEW: Benchmark item cost against student budget guidelines. Consider offering budget-friendly student combos or subsidized staples.
The rate on the receipt was more than the list price.,Price Mismatch,Negative,the rate on the receipt was more than the list price,11,52,The rate on the receipt was more than the list price.,the rate on the receipt was more than the list price,Negative,0.8174213680447225,"{'Negative': 0.8174, 'Positive': 0.1826}",Price Mismatch,0.5758765259939278,"{'General Price Complaint': 0.1062, 'High Price': 0.1004, 'Price Increase': 0.1373, 'Price Mismatch': 0.5759, 'Quantity-Price Concern': 0.0802}",CRITICAL (Immediate Billing Action),[],"URGENT AUDIT REQUIRED: Inspect POS billing registers, cash counters, and verify that physical menu board prices exactly match the billed amounts."
The menu indicates 130 but the bill says 160.,Price Mismatch,Negative,the menu indicates 130 but the bill says 160,9,44,The menu indicates 130 but the bill says 160.,the menu indicates 130 but the bill says 160,Negative,0.7831912554351431,"{'Negative': 0.7832, 'Positive': 0.2168}",Price Mismatch,0.6686776061953785,"{'General Price Complaint': 0.0806, 'High Price': 0.0783, 'Price Increase': 0.0915, 'Price Mismatch': 0.6687, 'Quantity-Price Concern': 0.0809}",CRITICAL (Immediate Billing Action),"['Amount/Number: 130', 'Amount/Number: 160', 'menu', 'bill']","URGENT AUDIT REQUIRED: Inspect POS billing registers, cash counters, and verify that physical menu board prices exactly match the billed amounts."
The item is expensive and not worth the cost.,High Price,Negative,the item is expensive and not worth the cost,9,44,The item is expensive and not worth the cost.,the item is expensive and not worth the cost,Negative,0.7143591453955804,"{'Negative': 0.7144, 'Positive': 0.2856}",High Price,0.38580701575760323,"{'General Price Complaint': 0.1912, 'High Price': 0.3858, 'Price Increase': 0.155, 'Price Mismatch': 0.0807, 'Quantity-Price Concern': 0.1874}",MEDIUM,['expensive'],PRICING REVIEW: Benchmark item cost against student budget guidelines. Consider offering budget-friendly student combos or subsidized staples.
I got very little for a high price.,Quantity-Price Concern,Negative,i got very little for a high price,8,34,I got very little for a high price.,i got very little for a high price,Negative,0.7492650587460645,"{'Negative': 0.7493, 'Positive': 0.2507}",Quantity-Price Concern,0.47069761757652717,"{'General Price Complaint': 0.1415, 'High Price': 0.1465, 'Price Increase': 0.1204, 'Price Mismatch': 0.1209, 'Quantity-Price Concern': 0.4707}",MEDIUM,['little'],"PORTION AUDIT: Re-evaluate standard kitchen ladle sizes, plate portion weights, and value-to-cost perception for this food item."
The item was not expensive before; now the cost is high.,Price Increase,Negative,the item was not expensive before now the cost is high,11,54,The item was not expensive before; now the cost is high.,the item was not expensive before now the cost is high,Negative,0.7984863656410681,"{'Negative': 0.7985, 'Positive': 0.2015}",Price Increase,0.41109733220137296,"{'General Price Complaint': 0.1619, 'High Price': 0.1395, 'Price Increase': 0.4111, 'Price Mismatch': 0.1285, 'Quantity-Price Concern': 0.159}",MEDIUM (Pricing Policy),"['before', 'now']","TRANSPARENCY NOTICE: If prices were recently revised due to inflation or input costs, display an informative notice to students explaining the reasons in advance."
The higher rates make this product less affordable.,Price Increase,Negative,the higher rates make this product less affordable,8,50,The higher rates make this product less affordable.,the higher rates make this product less affordable,Negative,0.7127510494663043,"{'Negative': 0.7128, 'Positive': 0.2872}",Price Increase,0.3494074348061928,"{'General Price Complaint': 0.2028, 'High Price': 0.1694, 'Price Increase': 0.3494, 'Price Mismatch': 0.151, 'Quantity-Price Concern': 0.1274}",MEDIUM (Pricing Policy),[],"TRANSPARENCY NOTICE: If prices were recently revised due to inflation or input costs, display an informative notice to students explaining the reasons in advance."
I paid too much for too little food.,Quantity-Price Concern,Negative,i paid too much for too little food,8,35,I paid too much for too little food.,i paid too much for too little food,Negative,0.7592469861541706,"{'Negative': 0.7592, 'Positive': 0.2408}",High Price,0.37395368873718665,"{'General Price Complaint': 0.1443, 'High Price': 0.374, 'Price Increase': 0.1125, 'Price Mismatch': 0.0976, 'Quantity-Price Concern': 0.2716}",MEDIUM,['too much'],PRICING REVIEW: Benchmark item cost against student budget guidelines. Consider offering budget-friendly student combos or subsidized staples.
The same product is now charged at a higher rate.,Price Increase,Negative,the same product is now charged at a higher rate,10,48,The same product is now charged at a higher rate.,the same product is now charged at a higher rate,Negative,0.805585414351392,"{'Negative': 0.8056, 'Positive': 0.1944}",Price Increase,0.4448854499924333,"{'General Price Complaint': 0.1135, 'High Price': 0.1309, 'Price Increase': 0.4449, 'Price Mismatch': 0.1768, 'Quantity-Price Concern': 0.1339}",MEDIUM (Pricing Policy),['now'],"TRANSPARENCY NOTICE: If prices were recently revised due to inflation or input costs, display an informative notice to students explaining the reasons in advance."
The caf? charges too much for a regular coffee.,High Price,Negative,the caf charges too much for a regular coffee,9,45,The caf? charges too much for a regular coffee.,the caf charges too much for a regular coffee,Negative,0.7184708257363895,"{'Negative': 0.7185, 'Positive': 0.2815}",High Price,0.5140058547091462,"{'General Price Complaint': 0.146, 'High Price': 0.514, 'Price Increase': 0.1351, 'Price Mismatch': 0.1048, 'Quantity-Price Concern': 0.1001}",MEDIUM,['too much'],PRICING REVIEW: Benchmark item cost against student budget guidelines. Consider offering budget-friendly student combos or subsidized staples.
The billed amount does not reflect the advertised price.,Price Mismatch,Negative,the billed amount does not reflect the advertised price,9,55,The billed amount does not reflect the advertised price.,the billed amount does not reflect the advertised price,Negative,0.7726771381078724,"{'Negative': 0.7727, 'Positive': 0.2273}",Price Mismatch,0.4419863976110198,"{'General Price Complaint': 0.1276, 'High Price': 0.1236, 'Price Increase': 0.1407, 'Price Mismatch': 0.442, 'Quantity-Price Concern': 0.1662}",CRITICAL (Immediate Billing Action),['billed'],"URGENT AUDIT REQUIRED: Inspect POS billing registers, cash counters, and verify that physical menu board prices exactly match the billed amounts."
I paid a lot but received very little food.,Quantity-Price Concern,Negative,i paid a lot but received very little food,9,42,I paid a lot but received very little food.,i paid a lot but received very little food,Negative,0.7338846856347812,"{'Negative': 0.7339, 'Positive': 0.2661}",Quantity-Price Concern,0.47917540524448077,"{'General Price Complaint': 0.1351, 'High Price': 0.1001, 'Price Increase': 0.1282, 'Price Mismatch': 0.1574, 'Quantity-Price Concern': 0.4792}",MEDIUM,['little'],"PORTION AUDIT: Re-evaluate standard kitchen ladle sizes, plate portion weights, and value-to-cost perception for this food item."
The price on the receipt is higher than the menu board.,Price Mismatch,Negative,the price on the receipt is higher than the menu board,11,54,The price on the receipt is higher than the menu board.,the price on the receipt is higher than the menu board,Negative,0.8073764471368324,"{'Negative': 0.8074, 'Positive': 0.1926}",Price Mismatch,0.6258395625030522,"{'General Price Complaint': 0.1056, 'High Price': 0.1034, 'Price Increase': 0.0947, 'Price Mismatch': 0.6258, 'Quantity-Price Concern': 0.0705}",CRITICAL (Immediate Billing Action),['menu'],"URGENT AUDIT REQUIRED: Inspect POS billing registers, cash counters, and verify that physical menu board prices exactly match the billed amounts."
The fries cost too much for the quantity provided.,High Price,Negative,the fries cost too much for the quantity provided,9,49,The fries cost too much for the quantity provided.,the fries cost too much for the quantity provided,Negative,0.7297908924831271,"{'Negative': 0.7298, 'Positive': 0.2702}",High Price,0.5076957060494409,"{'General Price Complaint': 0.1088, 'High Price': 0.5077, 'Price Increase': 0.1031, 'Price Mismatch': 0.084, 'Quantity-Price Concern': 0.1965}",MEDIUM,['too much'],PRICING REVIEW: Benchmark item cost against student budget guidelines. Consider offering budget-friendly student combos or subsidized staples.
The snack was overpriced for the small quantity.,Quantity-Price Concern,Negative,the snack was overpriced for the small quantity,8,47,The snack was overpriced for the small quantity.,the snack was overpriced for the small quantity,Negative,0.7002323257729752,"{'Negative': 0.7002, 'Positive': 0.2998}",Quantity-Price Concern,0.4531326465313988,"{'General Price Complaint': 0.126, 'High Price': 0.1922, 'Price Increase': 0.1021, 'Price Mismatch': 0.1265, 'Quantity-Price Concern': 0.4531}",MEDIUM,"['quantity', 'small']","PORTION AUDIT: Re-evaluate standard kitchen ladle sizes, plate portion weights, and value-to-cost perception for this food item."
The portion feels extremely small compared to the price.,Quantity-Price Concern,Negative,the portion feels extremely small compared to the price,9,55,The portion feels extremely small compared to the price.,the portion feels extremely small compared to the price,Negative,0.6949064375229745,"{'Negative': 0.6949, 'Positive': 0.3051}",Quantity-Price Concern,0.38042718845489415,"{'General Price Complaint': 0.1797, 'High Price': 0.1787, 'Price Increase': 0.1261, 'Price Mismatch': 0.135, 'Quantity-Price Concern': 0.3804}",MEDIUM,"['portion', 'small']","PORTION AUDIT: Re-evaluate standard kitchen ladle sizes, plate portion weights, and value-to-cost perception for this food item."
The item feels overpriced given the portion size.,General Price Complaint,Negative,the item feels overpriced given the portion size,8,48,The item feels overpriced given the portion size.,the item feels overpriced given the portion size,Negative,0.7514968254458858,"{'Negative': 0.7515, 'Positive': 0.2485}",General Price Complaint,0.3309190006398227,"{'General Price Complaint': 0.3309, 'High Price': 0.2105, 'Price Increase': 0.1322, 'Price Mismatch': 0.1113, 'Quantity-Price Concern': 0.2151}",MEDIUM (General Feedback),[],FEEDBACK MONITORING: Keep track of customer satisfaction trends and periodically survey student sentiment regarding overall cafeteria value.
This burger is much more expensive than expected.,High Price,Negative,this burger is much more expensive than expected,8,48,This burger is much more expensive than expected.,this burger is much more expensive than expected,Negative,0.7791450078077895,"{'Negative': 0.7791, 'Positive': 0.2209}",High Price,0.40064053241381975,"{'General Price Complaint': 0.2018, 'High Price': 0.4006, 'Price Increase': 0.2088, 'Price Mismatch': 0.0946, 'Quantity-Price Concern': 0.0941}",MEDIUM,['expensive'],PRICING REVIEW: Benchmark item cost against student budget guidelines. Consider offering budget-friendly student combos or subsidized staples.
This sandwich is way too expensive for what it is.,High Price,Negative,this sandwich is way too expensive for what it is,10,49,This sandwich is way too expensive for what it is.,this sandwich is way too expensive for what it is,Negative,0.7300441684052791,"{'Negative': 0.73, 'Positive': 0.27}",High Price,0.49635380957493164,"{'General Price Complaint': 0.1777, 'High Price': 0.4964, 'Price Increase': 0.1383, 'Price Mismatch': 0.0706, 'Quantity-Price Concern': 0.1172}",MEDIUM,['expensive'],PRICING REVIEW: Benchmark item cost against student budget guidelines. Consider offering budget-friendly student combos or subsidized staples.
The salad is overvalued for a basic dish.,High Price,Negative,the salad is overvalued for a basic dish,8,40,The salad is overvalued for a basic dish.,the salad is overvalued for a basic dish,Negative,0.7012157650579408,"{'Negative': 0.7012, 'Positive': 0.2988}",High Price,0.37764338795901925,"{'General Price Complaint': 0.1945, 'High Price': 0.3776, 'Price Increase': 0.1471, 'Price Mismatch': 0.1353, 'Quantity-Price Concern': 0.1453}",MEDIUM,[],PRICING REVIEW: Benchmark item cost against student budget guidelines. Consider offering budget-friendly student combos or subsidized staples.
The price of this snack is higher than any nearby shop.,High Price,Negative,the price of this snack is higher than any nearby shop,11,54,The price of this snack is higher than any nearby shop.,the price of this snack is higher than any nearby shop,Negative,0.7216201135729939,"{'Negative': 0.7216, 'Positive': 0.2784}",High Price,0.3474125155812207,"{'General Price Complaint': 0.2075, 'High Price': 0.3474, 'Price Increase': 0.1956, 'Price Mismatch': 0.1252, 'Quantity-Price Concern': 0.1243}",MEDIUM,[],PRICING REVIEW: Benchmark item cost against student budget guidelines. Consider offering budget-friendly student combos or subsidized staples.
The cost of the meal is sensible for the quality.,General Price Complaint,Positive,the cost of the meal is sensible for the quality,10,48,The cost of the meal is sensible for the quality.,the cost of the meal is sensible for the quality,Positive,0.7428634423661477,"{'Negative': 0.2571, 'Positive': 0.7429}",High Price,0.31860343186680185,"{'General Price Complaint': 0.2663, 'High Price': 0.3186, 'Price Increase': 0.1859, 'Price Mismatch': 0.0736, 'Quantity-Price Concern': 0.1556}",LOW (Positive Sentiment),[],BENCHMARK EXCELLENCE: Item price and quality are well-received by customers. Maintain current portion and pricing standards as best practices.
The salad is a bit pricey but still okay.,General Price Complaint,Positive,the salad is a bit pricey but still okay,9,40,The salad is a bit pricey but still okay.,the salad is a bit pricey but still okay,Negative,0.5038384182224322,"{'Negative': 0.5038, 'Positive': 0.4962}",General Price Complaint,0.30899492808454754,"{'General Price Complaint': 0.309, 'High Price': 0.1869, 'Price Increase': 0.1615, 'Price Mismatch': 0.1813, 'Quantity-Price Concern': 0.1614}",MEDIUM (General Feedback),[],FEEDBACK MONITORING: Keep track of customer satisfaction trends and periodically survey student sentiment regarding overall cafeteria value.
The coffee is overpriced for such a small cup.,High Price,Negative,the coffee is overpriced for such a small cup,9,45,The coffee is overpriced for such a small cup.,the coffee is overpriced for such a small cup,Negative,0.6129255429031744,"{'Negative': 0.6129, 'Positive': 0.3871}",High Price,0.40138238772717844,"{'General Price Complaint': 0.1857, 'High Price': 0.4014, 'Price Increase': 0.1363, 'Price Mismatch': 0.1066, 'Quantity-Price Concern': 0.17}",MEDIUM,['overpriced'],PRICING REVIEW: Benchmark item cost against student budget guidelines. Consider offering budget-friendly student combos or subsidized staples.
The printed price and actual amount differ significantly.,Price Mismatch,Negative,the printed price and actual amount differ significantly,8,56,The printed price and actual amount differ significantly.,the printed price and actual amount differ significantly,Negative,0.7462834878106741,"{'Negative': 0.7463, 'Positive': 0.2537}",Price Mismatch,0.40307901812365066,"{'General Price Complaint': 0.1416, 'High Price': 0.136, 'Price Increase': 0.1729, 'Price Mismatch': 0.4031, 'Quantity-Price Concern': 0.1465}",CRITICAL (Immediate Billing Action),['printed'],"URGENT AUDIT REQUIRED: Inspect POS billing registers, cash counters, and verify that physical menu board prices exactly match the billed amounts."
The increase in price is not justified.,Price Increase,Negative,the increase in price is not justified,7,38,The increase in price is not justified.,the increase in price is not justified,Negative,0.7369597270984343,"{'Negative': 0.737, 'Positive': 0.263}",Price Increase,0.4710408373856904,"{'General Price Complaint': 0.1998, 'High Price': 0.1173, 'Price Increase': 0.471, 'Price Mismatch': 0.0995, 'Quantity-Price Concern': 0.1124}",MEDIUM (Pricing Policy),['increase'],"TRANSPARENCY NOTICE: If prices were recently revised due to inflation or input costs, display an informative notice to students explaining the reasons in advance."
The cost is acceptable for the restaurant standards.,General Price Complaint,Positive,the cost is acceptable for the restaurant standards,8,51,The cost is acceptable for the restaurant standards.,the cost is acceptable for the restaurant standards,Positive,0.7274325299043826,"{'Negative': 0.2726, 'Positive': 0.7274}",General Price Complaint,0.42106751558425726,"{'General Price Complaint': 0.4211, 'High Price': 0.1512, 'Price Increase': 0.1437, 'Price Mismatch': 0.1083, 'Quantity-Price Concern': 0.1758}",LOW (Positive Sentiment),['cost'],BENCHMARK EXCELLENCE: Item price and quality are well-received by customers. Maintain current portion and pricing standards as best practices.
The juice is costly for a small glass.,High Price,Negative,the juice is costly for a small glass,8,37,The juice is costly for a small glass.,the juice is costly for a small glass,Negative,0.7472776585006724,"{'Negative': 0.7473, 'Positive': 0.2527}",High Price,0.347187297071466,"{'General Price Complaint': 0.1948, 'High Price': 0.3472, 'Price Increase': 0.1426, 'Price Mismatch': 0.13, 'Quantity-Price Concern': 0.1855}",MEDIUM,['costly'],PRICING REVIEW: Benchmark item cost against student budget guidelines. Consider offering budget-friendly student combos or subsidized staples.
"The panel says 35, but I paid 49.",Price Mismatch,Negative,the panel says 35 but i paid 49,8,31,"The panel says 35, but I paid 49.",the panel says 35 but i paid 49,Negative,0.7530769460507265,"{'Negative': 0.7531, 'Positive': 0.2469}",Price Mismatch,0.46608812734483,"{'General Price Complaint': 0.1234, 'High Price': 0.1194, 'Price Increase': 0.1549, 'Price Mismatch': 0.4661, 'Quantity-Price Concern': 0.1362}",CRITICAL (Immediate Billing Action),"['Amount/Number: 35', 'Amount/Number: 49']","URGENT AUDIT REQUIRED: Inspect POS billing registers, cash counters, and verify that physical menu board prices exactly match the billed amounts."
I paid more because the price list and billing differed.,Price Mismatch,Negative,i paid more because the price list and billing differed,10,55,I paid more because the price list and billing differed.,i paid more because the price list and billing differed,Negative,0.7359931266386617,"{'Negative': 0.736, 'Positive': 0.264}",Price Mismatch,0.3860662736456812,"{'General Price Complaint': 0.1535, 'High Price': 0.1249, 'Price Increase': 0.1708, 'Price Mismatch': 0.3861, 'Quantity-Price Concern': 0.1646}",CRITICAL (Immediate Billing Action),[],"URGENT AUDIT REQUIRED: Inspect POS billing registers, cash counters, and verify that physical menu board prices exactly match the billed amounts."
The franchise is increasing prices too often.,Price Increase,Negative,the franchise is increasing prices too often,7,44,The franchise is increasing prices too often.,the franchise is increasing prices too often,Negative,0.7252926212406909,"{'Negative': 0.7253, 'Positive': 0.2747}",Price Increase,0.40614836270579474,"{'General Price Complaint': 0.1511, 'High Price': 0.1815, 'Price Increase': 0.4061, 'Price Mismatch': 0.1315, 'Quantity-Price Concern': 0.1297}",MEDIUM (Pricing Policy),[],"TRANSPARENCY NOTICE: If prices were recently revised due to inflation or input costs, display an informative notice to students explaining the reasons in advance."
The amount of food served is not satisfactory for the price.,Quantity-Price Concern,Negative,the amount of food served is not satisfactory for the price,11,59,The amount of food served is not satisfactory for the price.,the amount of food served is not satisfactory for the price,Negative,0.6911903602830511,"{'Negative': 0.6912, 'Positive': 0.3088}",Quantity-Price Concern,0.5072460230701064,"{'General Price Complaint': 0.1727, 'High Price': 0.1149, 'Price Increase': 0.1094, 'Price Mismatch': 0.0958, 'Quantity-Price Concern': 0.5072}",MEDIUM,[],"PORTION AUDIT: Re-evaluate standard kitchen ladle sizes, plate portion weights, and value-to-cost perception for this food item."
I was overbilled compared to the posted price.,Price Mismatch,Negative,i was overbilled compared to the posted price,8,45,I was overbilled compared to the posted price.,i was overbilled compared to the posted price,Negative,0.7268535829381945,"{'Negative': 0.7269, 'Positive': 0.2731}",Price Mismatch,0.4190116053968592,"{'General Price Complaint': 0.1287, 'High Price': 0.1455, 'Price Increase': 0.1526, 'Price Mismatch': 0.419, 'Quantity-Price Concern': 0.1542}",CRITICAL (Immediate Billing Action),[],"URGENT AUDIT REQUIRED: Inspect POS billing registers, cash counters, and verify that physical menu board prices exactly match the billed amounts."
The price of the snack is okay for the portion.,General Price Complaint,Positive,the price of the snack is okay for the portion,10,46,The price of the snack is okay for the portion.,the price of the snack is okay for the portion,Positive,0.7437837755386459,"{'Negative': 0.2562, 'Positive': 0.7438}",General Price Complaint,0.3706475604994565,"{'General Price Complaint': 0.3706, 'High Price': 0.1986, 'Price Increase': 0.1324, 'Price Mismatch': 0.0797, 'Quantity-Price Concern': 0.2186}",LOW (Positive Sentiment),['price'],BENCHMARK EXCELLENCE: Item price and quality are well-received by customers. Maintain current portion and pricing standards as best practices.
The meal looked tiny for the price we paid.,Quantity-Price Concern,Negative,the meal looked tiny for the price we paid,9,42,The meal looked tiny for the price we paid.,the meal looked tiny for the price we paid,Negative,0.6708846813823803,"{'Negative': 0.6709, 'Positive': 0.3291}",Quantity-Price Concern,0.45084563359968294,"{'General Price Complaint': 0.1642, 'High Price': 0.149, 'Price Increase': 0.1133, 'Price Mismatch': 0.1226, 'Quantity-Price Concern': 0.4508}",MEDIUM,['tiny'],"PORTION AUDIT: Re-evaluate standard kitchen ladle sizes, plate portion weights, and value-to-cost perception for this food item."
The cost of the burger is excessive.,High Price,Negative,the cost of the burger is excessive,7,35,The cost of the burger is excessive.,the cost of the burger is excessive,Negative,0.6361303408768435,"{'Negative': 0.6361, 'Positive': 0.3639}",High Price,0.3404571437348444,"{'General Price Complaint': 0.1727, 'High Price': 0.3405, 'Price Increase': 0.2512, 'Price Mismatch': 0.1046, 'Quantity-Price Concern': 0.1309}",MEDIUM,[],PRICING REVIEW: Benchmark item cost against student budget guidelines. Consider offering budget-friendly student combos or subsidized staples.
The packet price has risen more than expected.,Price Increase,Negative,the packet price has risen more than expected,8,45,The packet price has risen more than expected.,the packet price has risen more than expected,Negative,0.8228493883020276,"{'Negative': 0.8228, 'Positive': 0.1772}",Price Increase,0.42851249646190603,"{'General Price Complaint': 0.1695, 'High Price': 0.1481, 'Price Increase': 0.4285, 'Price Mismatch': 0.1533, 'Quantity-Price Concern': 0.1006}",MEDIUM (Pricing Policy),[],"TRANSPARENCY NOTICE: If prices were recently revised due to inflation or input costs, display an informative notice to students explaining the reasons in advance."
I think the item is underfilled and overpriced.,Quantity-Price Concern,Negative,i think the item is underfilled and overpriced,8,46,I think the item is underfilled and overpriced.,i think the item is underfilled and overpriced,Negative,0.7294224160361127,"{'Negative': 0.7294, 'Positive': 0.2706}",Quantity-Price Concern,0.31439902975395595,"{'General Price Complaint': 0.2138, 'High Price': 0.2105, 'Price Increase': 0.1466, 'Price Mismatch': 0.1147, 'Quantity-Price Concern': 0.3144}",MEDIUM,[],"PORTION AUDIT: Re-evaluate standard kitchen ladle sizes, plate portion weights, and value-to-cost perception for this food item."
The increase is not justified by any improvement in service.,Price Increase,Negative,the increase is not justified by any improvement in service,10,59,The increase is not justified by any improvement in service.,the increase is not justified by any improvement in service,Negative,0.7585328270404008,"{'Negative': 0.7585, 'Positive': 0.2415}",Price Increase,0.4740695535430547,"{'General Price Complaint': 0.1512, 'High Price': 0.1441, 'Price Increase': 0.4741, 'Price Mismatch': 0.1112, 'Quantity-Price Concern': 0.1194}",MEDIUM (Pricing Policy),['increase'],"TRANSPARENCY NOTICE: If prices were recently revised due to inflation or input costs, display an informative notice to students explaining the reasons in advance."
This portion is smaller than expected at this rate.,Quantity-Price Concern,Negative,this portion is smaller than expected at this rate,9,50,This portion is smaller than expected at this rate.,this portion is smaller than expected at this rate,Negative,0.7737060482605387,"{'Negative': 0.7737, 'Positive': 0.2263}",Quantity-Price Concern,0.3463186807119902,"{'General Price Complaint': 0.1943, 'High Price': 0.1758, 'Price Increase': 0.1415, 'Price Mismatch': 0.142, 'Quantity-Price Concern': 0.3463}",MEDIUM,['portion'],"PORTION AUDIT: Re-evaluate standard kitchen ladle sizes, plate portion weights, and value-to-cost perception for this food item."
This item is priced well above what it should be.,High Price,Negative,this item is priced well above what it should be,10,48,This item is priced well above what it should be.,this item is priced well above what it should be,Negative,0.7076760911531055,"{'Negative': 0.7077, 'Positive': 0.2923}",High Price,0.34259232134312106,"{'General Price Complaint': 0.2957, 'High Price': 0.3426, 'Price Increase': 0.1477, 'Price Mismatch': 0.0926, 'Quantity-Price Concern': 0.1214}",MEDIUM,[],PRICING REVIEW: Benchmark item cost against student budget guidelines. Consider offering budget-friendly student combos or subsidized staples.
I think this menu item is expensive for what it is.,General Price Complaint,Negative,i think this menu item is expensive for what it is,11,50,I think this menu item is expensive for what it is.,i think this menu item is expensive for what it is,Negative,0.7383603155895273,"{'Negative': 0.7384, 'Positive': 0.2616}",General Price Complaint,0.39350950965367176,"{'General Price Complaint': 0.3935, 'High Price': 0.2498, 'Price Increase': 0.1313, 'Price Mismatch': 0.0988, 'Quantity-Price Concern': 0.1266}",MEDIUM (General Feedback),[],FEEDBACK MONITORING: Keep track of customer satisfaction trends and periodically survey student sentiment regarding overall cafeteria value.
The amount charged does not match the listed price.,Price Mismatch,Negative,the amount charged does not match the listed price,9,50,The amount charged does not match the listed price.,the amount charged does not match the listed price,Negative,0.8184545034257196,"{'Negative': 0.8185, 'Positive': 0.1815}",Price Mismatch,0.46924838352875387,"{'General Price Complaint': 0.0918, 'High Price': 0.0876, 'Price Increase': 0.1026, 'Price Mismatch': 0.4692, 'Quantity-Price Concern': 0.2488}",CRITICAL (Immediate Billing Action),['charged'],"URGENT AUDIT REQUIRED: Inspect POS billing registers, cash counters, and verify that physical menu board prices exactly match the billed amounts."
The food amount is insufficient for the bill amount.,Quantity-Price Concern,Negative,the food amount is insufficient for the bill amount,9,51,The food amount is insufficient for the bill amount.,the food amount is insufficient for the bill amount,Negative,0.7063092495486579,"{'Negative': 0.7063, 'Positive': 0.2937}",Quantity-Price Concern,0.44111299640256313,"{'General Price Complaint': 0.1671, 'High Price': 0.1172, 'Price Increase': 0.0991, 'Price Mismatch': 0.1755, 'Quantity-Price Concern': 0.4411}",MEDIUM,[],"PORTION AUDIT: Re-evaluate standard kitchen ladle sizes, plate portion weights, and value-to-cost perception for this food item."
This item is not too expensive compared to market rates.,General Price Complaint,Positive,this item is not too expensive compared to market rates,10,55,This item is not too expensive compared to market rates.,this item is not too expensive compared to market rates,Positive,0.6004335229382797,"{'Negative': 0.3996, 'Positive': 0.6004}",General Price Complaint,0.31395078884689775,"{'General Price Complaint': 0.314, 'High Price': 0.276, 'Price Increase': 0.1798, 'Price Mismatch': 0.0906, 'Quantity-Price Concern': 0.1397}",LOW (Positive Sentiment),[],BENCHMARK EXCELLENCE: Item price and quality are well-received by customers. Maintain current portion and pricing standards as best practices.
The poha is not reasonably priced.,High Price,Negative,the poha is not reasonably priced,6,33,The poha is not reasonably priced.,the poha is not reasonably priced,Negative,0.541608382860991,"{'Negative': 0.5416, 'Positive': 0.4584}",General Price Complaint,0.45474429549937334,"{'General Price Complaint': 0.4547, 'High Price': 0.1661, 'Price Increase': 0.126, 'Price Mismatch': 0.1016, 'Quantity-Price Concern': 0.1515}",MEDIUM (General Feedback),[],FEEDBACK MONITORING: Keep track of customer satisfaction trends and periodically survey student sentiment regarding overall cafeteria value.
The food pricing appears out of line.,General Price Complaint,Negative,the food pricing appears out of line,7,36,The food pricing appears out of line.,the food pricing appears out of line,Negative,0.7038187298803051,"{'Negative': 0.7038, 'Positive': 0.2962}",General Price Complaint,0.36816437648459266,"{'General Price Complaint': 0.3682, 'High Price': 0.1678, 'Price Increase': 0.1804, 'Price Mismatch': 0.1132, 'Quantity-Price Concern': 0.1705}",MEDIUM (General Feedback),[],FEEDBACK MONITORING: Keep track of customer satisfaction trends and periodically survey student sentiment regarding overall cafeteria value.
The item feels overpriced and not customer-friendly.,High Price,Negative,the item feels overpriced and not customer friendly,8,51,The item feels overpriced and not customer-friendly.,the item feels overpriced and not customer friendly,Negative,0.7050024485791297,"{'Negative': 0.705, 'Positive': 0.295}",High Price,0.3659954863881492,"{'General Price Complaint': 0.2254, 'High Price': 0.366, 'Price Increase': 0.1406, 'Price Mismatch': 0.1146, 'Quantity-Price Concern': 0.1534}",MEDIUM,['overpriced'],PRICING REVIEW: Benchmark item cost against student budget guidelines. Consider offering budget-friendly student combos or subsidized staples.
This mismatch made me feel overcharged.,Price Mismatch,Negative,this mismatch made me feel overcharged,6,38,This mismatch made me feel overcharged.,this mismatch made me feel overcharged,Negative,0.6882863939477877,"{'Negative': 0.6883, 'Positive': 0.3117}",Price Mismatch,0.3859118598890176,"{'General Price Complaint': 0.175, 'High Price': 0.1538, 'Price Increase': 0.1603, 'Price Mismatch': 0.3859, 'Quantity-Price Concern': 0.1249}",CRITICAL (Immediate Billing Action),['mismatch'],"URGENT AUDIT REQUIRED: Inspect POS billing registers, cash counters, and verify that physical menu board prices exactly match the billed amounts."
The samosa is priced above market value.,High Price,Negative,the samosa is priced above market value,7,39,The samosa is priced above market value.,the samosa is priced above market value,Positive,0.5467367685054798,"{'Negative': 0.4533, 'Positive': 0.5467}",High Price,0.42379609002371177,"{'General Price Complaint': 0.2024, 'High Price': 0.4238, 'Price Increase': 0.1493, 'Price Mismatch': 0.1147, 'Quantity-Price Concern': 0.1099}",LOW (Positive Sentiment),[],BENCHMARK EXCELLENCE: Item price and quality are well-received by customers. Maintain current portion and pricing standards as best practices.
I cannot believe the refund is not pleasing due to overpricing.,High Price,Negative,i cannot believe the refund is not pleasing due to overpricing,11,62,I cannot believe the refund is not pleasing due to overpricing.,i cannot believe the refund is not pleasing due to overpricing,Negative,0.7404959753729623,"{'Negative': 0.7405, 'Positive': 0.2595}",High Price,0.3365264723514538,"{'General Price Complaint': 0.1708, 'High Price': 0.3365, 'Price Increase': 0.18, 'Price Mismatch': 0.1501, 'Quantity-Price Concern': 0.1626}",MEDIUM,[],PRICING REVIEW: Benchmark item cost against student budget guidelines. Consider offering budget-friendly student combos or subsidized staples.
The portion size is too small for the cost charged.,Quantity-Price Concern,Negative,the portion size is too small for the cost charged,10,50,The portion size is too small for the cost charged.,the portion size is too small for the cost charged,Negative,0.7057101741418933,"{'Negative': 0.7057, 'Positive': 0.2943}",Quantity-Price Concern,0.5952605451696189,"{'General Price Complaint': 0.1136, 'High Price': 0.1531, 'Price Increase': 0.0736, 'Price Mismatch': 0.0645, 'Quantity-Price Concern': 0.5953}",MEDIUM,"['portion', 'size', 'small']","PORTION AUDIT: Re-evaluate standard kitchen ladle sizes, plate portion weights, and value-to-cost perception for this food item."
This item is now pricier than before and not worth it.,Price Increase,Negative,this item is now pricier than before and not worth it,11,53,This item is now pricier than before and not worth it.,this item is now pricier than before and not worth it,Negative,0.7717385921964692,"{'Negative': 0.7717, 'Positive': 0.2283}",Price Increase,0.49134127911842407,"{'General Price Complaint': 0.159, 'High Price': 0.1626, 'Price Increase': 0.4913, 'Price Mismatch': 0.084, 'Quantity-Price Concern': 0.1031}",MEDIUM (Pricing Policy),"['before', 'now']","TRANSPARENCY NOTICE: If prices were recently revised due to inflation or input costs, display an informative notice to students explaining the reasons in advance."
The pakora price is unreasonable for the portion.,High Price,Negative,the pakora price is unreasonable for the portion,8,48,The pakora price is unreasonable for the portion.,the pakora price is unreasonable for the portion,Negative,0.6269207893673423,"{'Negative': 0.6269, 'Positive': 0.3731}",High Price,0.4135505038071513,"{'General Price Complaint': 0.1998, 'High Price': 0.4136, 'Price Increase': 0.1184, 'Price Mismatch': 0.096, 'Quantity-Price Concern': 0.1723}",MEDIUM,[],PRICING REVIEW: Benchmark item cost against student budget guidelines. Consider offering budget-friendly student combos or subsidized staples.
The bhakri is priced higher than it should be.,High Price,Negative,the bhakri is priced higher than it should be,9,45,The bhakri is priced higher than it should be.,the bhakri is priced higher than it should be,Negative,0.7423553838684698,"{'Negative': 0.7424, 'Positive': 0.2576}",High Price,0.4102654907936009,"{'General Price Complaint': 0.212, 'High Price': 0.4103, 'Price Increase': 0.1596, 'Price Mismatch': 0.1161, 'Quantity-Price Concern': 0.102}",MEDIUM,[],PRICING REVIEW: Benchmark item cost against student budget guidelines. Consider offering budget-friendly student combos or subsidized staples.
I paid more than the price listed on the menu.,Price Mismatch,Negative,i paid more than the price listed on the menu,10,45,I paid more than the price listed on the menu.,i paid more than the price listed on the menu,Negative,0.8071484522753086,"{'Negative': 0.8071, 'Positive': 0.1929}",Price Mismatch,0.6285623807223256,"{'General Price Complaint': 0.1127, 'High Price': 0.0765, 'Price Increase': 0.1059, 'Price Mismatch': 0.6286, 'Quantity-Price Concern': 0.0764}",CRITICAL (Immediate Billing Action),['menu'],"URGENT AUDIT REQUIRED: Inspect POS billing registers, cash counters, and verify that physical menu board prices exactly match the billed amounts."
The displayed amount was 70 but I paid 85.,Price Mismatch,Negative,the displayed amount was 70 but i paid 85,9,41,The displayed amount was 70 but I paid 85.,the displayed amount was 70 but i paid 85,Negative,0.7775397389407382,"{'Negative': 0.7775, 'Positive': 0.2225}",Price Mismatch,0.4853073968996195,"{'General Price Complaint': 0.1023, 'High Price': 0.0963, 'Price Increase': 0.1264, 'Price Mismatch': 0.4853, 'Quantity-Price Concern': 0.1897}",CRITICAL (Immediate Billing Action),"['Amount/Number: 70', 'Amount/Number: 85']","URGENT AUDIT REQUIRED: Inspect POS billing registers, cash counters, and verify that physical menu board prices exactly match the billed amounts."
The item is more expensive than I expected.,General Price Complaint,Negative,the item is more expensive than i expected,8,42,The item is more expensive than I expected.,the item is more expensive than i expected,Negative,0.8032319476020217,"{'Negative': 0.8032, 'Positive': 0.1968}",General Price Complaint,0.3224535490531983,"{'General Price Complaint': 0.3225, 'High Price': 0.1913, 'Price Increase': 0.2515, 'Price Mismatch': 0.1021, 'Quantity-Price Concern': 0.1326}",MEDIUM (General Feedback),[],FEEDBACK MONITORING: Keep track of customer satisfaction trends and periodically survey student sentiment regarding overall cafeteria value.
The dosa is expensive and not worth the price.,High Price,Negative,the dosa is expensive and not worth the price,9,45,The dosa is expensive and not worth the price.,the dosa is expensive and not worth the price,Negative,0.6089629691621234,"{'Negative': 0.609, 'Positive': 0.391}",High Price,0.45971277989073955,"{'General Price Complaint': 0.1859, 'High Price': 0.4597, 'Price Increase': 0.1355, 'Price Mismatch': 0.0926, 'Quantity-Price Concern': 0.1263}",MEDIUM,['expensive'],PRICING REVIEW: Benchmark item cost against student budget guidelines. Consider offering budget-friendly student combos or subsidized staples.
The cost of the samosa increased considerably.,Price Increase,Negative,the cost of the samosa increased considerably,7,45,The cost of the samosa increased considerably.,the cost of the samosa increased considerably,Negative,0.6665461941605741,"{'Negative': 0.6665, 'Positive': 0.3335}",Price Increase,0.47906641495131513,"{'General Price Complaint': 0.1135, 'High Price': 0.1807, 'Price Increase': 0.4791, 'Price Mismatch': 0.1142, 'Quantity-Price Concern': 0.1125}",MEDIUM (Pricing Policy),['increased'],"TRANSPARENCY NOTICE: If prices were recently revised due to inflation or input costs, display an informative notice to students explaining the reasons in advance."
The menu price and the billed amount do not match.,Price Mismatch,Negative,the menu price and the billed amount do not match,10,49,The menu price and the billed amount do not match.,the menu price and the billed amount do not match,Negative,0.794830391821929,"{'Negative': 0.7948, 'Positive': 0.2052}",Price Mismatch,0.56822453595299,"{'General Price Complaint': 0.1092, 'High Price': 0.0984, 'Price Increase': 0.1017, 'Price Mismatch': 0.5682, 'Quantity-Price Concern': 0.1225}",CRITICAL (Immediate Billing Action),"['menu', 'billed']","URGENT AUDIT REQUIRED: Inspect POS billing registers, cash counters, and verify that physical menu board prices exactly match the billed amounts."
I was charged a premium price but got a small portion.,Quantity-Price Concern,Negative,i was charged a premium price but got a small portion,11,53,I was charged a premium price but got a small portion.,i was charged a premium price but got a small portion,Negative,0.7872389538856849,"{'Negative': 0.7872, 'Positive': 0.2128}",Quantity-Price Concern,0.3657431869836892,"{'General Price Complaint': 0.1097, 'High Price': 0.1153, 'Price Increase': 0.1244, 'Price Mismatch': 0.2849, 'Quantity-Price Concern': 0.3657}",MEDIUM,"['portion', 'small']","PORTION AUDIT: Re-evaluate standard kitchen ladle sizes, plate portion weights, and value-to-cost perception for this food item."
The value is not good enough for this price.,General Price Complaint,Negative,the value is not good enough for this price,9,43,The value is not good enough for this price.,the value is not good enough for this price,Negative,0.6834124716114736,"{'Negative': 0.6834, 'Positive': 0.3166}",General Price Complaint,0.37216574090835025,"{'General Price Complaint': 0.3722, 'High Price': 0.1291, 'Price Increase': 0.1138, 'Price Mismatch': 0.0954, 'Quantity-Price Concern': 0.2897}",MEDIUM (General Feedback),"['price', 'good']",FEEDBACK MONITORING: Keep track of customer satisfaction trends and periodically survey student sentiment regarding overall cafeteria value.
The tea price is rising constantly and it is frustrating.,Price Increase,Negative,the tea price is rising constantly and it is frustrating,10,56,The tea price is rising constantly and it is frustrating.,the tea price is rising constantly and it is frustrating,Negative,0.6712465476545313,"{'Negative': 0.6712, 'Positive': 0.3288}",Price Increase,0.4284933845937571,"{'General Price Complaint': 0.1893, 'High Price': 0.1542, 'Price Increase': 0.4285, 'Price Mismatch': 0.1217, 'Quantity-Price Concern': 0.1063}",MEDIUM (Pricing Policy),[],"TRANSPARENCY NOTICE: If prices were recently revised due to inflation or input costs, display an informative notice to students explaining the reasons in advance."
The food seems costly for ordinary quality.,General Price Complaint,Negative,the food seems costly for ordinary quality,7,42,The food seems costly for ordinary quality.,the food seems costly for ordinary quality,Negative,0.6476855639270016,"{'Negative': 0.6477, 'Positive': 0.3523}",General Price Complaint,0.5172869684773884,"{'General Price Complaint': 0.5173, 'High Price': 0.1278, 'Price Increase': 0.1226, 'Price Mismatch': 0.1036, 'Quantity-Price Concern': 0.1287}",MEDIUM (General Feedback),[],FEEDBACK MONITORING: Keep track of customer satisfaction trends and periodically survey student sentiment regarding overall cafeteria value.
The coffee price is very steep for a small serving.,High Price,Negative,the coffee price is very steep for a small serving,10,50,The coffee price is very steep for a small serving.,the coffee price is very steep for a small serving,Negative,0.6770862878853875,"{'Negative': 0.6771, 'Positive': 0.3229}",Quantity-Price Concern,0.36796992040725873,"{'General Price Complaint': 0.2062, 'High Price': 0.1948, 'Price Increase': 0.1298, 'Price Mismatch': 0.1012, 'Quantity-Price Concern': 0.368}",MEDIUM,['small'],"PORTION AUDIT: Re-evaluate standard kitchen ladle sizes, plate portion weights, and value-to-cost perception for this food item."
The amount served is disappointing for the bill.,Quantity-Price Concern,Negative,the amount served is disappointing for the bill,8,47,The amount served is disappointing for the bill.,the amount served is disappointing for the bill,Negative,0.7328832390104856,"{'Negative': 0.7329, 'Positive': 0.2671}",Quantity-Price Concern,0.5653947483081062,"{'General Price Complaint': 0.0982, 'High Price': 0.1124, 'Price Increase': 0.0817, 'Price Mismatch': 0.1423, 'Quantity-Price Concern': 0.5654}",MEDIUM,[],"PORTION AUDIT: Re-evaluate standard kitchen ladle sizes, plate portion weights, and value-to-cost perception for this food item."
I was charged 90 though the price list showed 75.,Price Mismatch,Negative,i was charged 90 though the price list showed 75,10,48,I was charged 90 though the price list showed 75.,i was charged 90 though the price list showed 75,Negative,0.7968478627560501,"{'Negative': 0.7968, 'Positive': 0.2032}",Price Mismatch,0.4919388674347732,"{'General Price Complaint': 0.142, 'High Price': 0.1013, 'Price Increase': 0.1322, 'Price Mismatch': 0.4919, 'Quantity-Price Concern': 0.1325}",CRITICAL (Immediate Billing Action),"['Amount/Number: 90', 'Amount/Number: 75', 'charged']","URGENT AUDIT REQUIRED: Inspect POS billing registers, cash counters, and verify that physical menu board prices exactly match the billed amounts."
The tea has gone up by a huge amount recently.,Price Increase,Negative,the tea has gone up by a huge amount recently,10,45,The tea has gone up by a huge amount recently.,the tea has gone up by a huge amount recently,Negative,0.7525161166126442,"{'Negative': 0.7525, 'Positive': 0.2475}",Price Increase,0.546377979252738,"{'General Price Complaint': 0.111, 'High Price': 0.1105, 'Price Increase': 0.5464, 'Price Mismatch': 0.1241, 'Quantity-Price Concern': 0.108}",MEDIUM (Pricing Policy),[],"TRANSPARENCY NOTICE: If prices were recently revised due to inflation or input costs, display an informative notice to students explaining the reasons in advance."
The toast costs more than it should.,High Price,Negative,the toast costs more than it should,7,35,The toast costs more than it should.,the toast costs more than it should,Negative,0.813362985778598,"{'Negative': 0.8134, 'Positive': 0.1866}",High Price,0.33038883127805113,"{'General Price Complaint': 0.1766, 'High Price': 0.3304, 'Price Increase': 0.2539, 'Price Mismatch': 0.1419, 'Quantity-Price Concern': 0.0972}",MEDIUM,[],PRICING REVIEW: Benchmark item cost against student budget guidelines. Consider offering budget-friendly student combos or subsidized staples.
The quantity is insufficient for the amount being charged.,Quantity-Price Concern,Negative,the quantity is insufficient for the amount being charged,9,57,The quantity is insufficient for the amount being charged.,the quantity is insufficient for the amount being charged,Negative,0.7448271087619831,"{'Negative': 0.7448, 'Positive': 0.2552}",Quantity-Price Concern,0.6681541233503008,"{'General Price Complaint': 0.082, 'High Price': 0.0927, 'Price Increase': 0.0669, 'Price Mismatch': 0.0902, 'Quantity-Price Concern': 0.6682}",HIGH (Review Required),['quantity'],"PORTION AUDIT: Re-evaluate standard kitchen ladle sizes, plate portion weights, and value-to-cost perception for this food item."
The food portion is not fair for the money.,Quantity-Price Concern,Negative,the food portion is not fair for the money,9,42,The food portion is not fair for the money.,the food portion is not fair for the money,Negative,0.5681752285538788,"{'Negative': 0.5682, 'Positive': 0.4318}",Quantity-Price Concern,0.5155982489867607,"{'General Price Complaint': 0.2465, 'High Price': 0.0969, 'Price Increase': 0.0786, 'Price Mismatch': 0.0625, 'Quantity-Price Concern': 0.5156}",MEDIUM,['portion'],"PORTION AUDIT: Re-evaluate standard kitchen ladle sizes, plate portion weights, and value-to-cost perception for this food item."
I paid extra but did not get enough food.,Quantity-Price Concern,Negative,i paid extra but did not get enough food,9,40,I paid extra but did not get enough food.,i paid extra but did not get enough food,Negative,0.7317899998158639,"{'Negative': 0.7318, 'Positive': 0.2682}",Quantity-Price Concern,0.3857403253283822,"{'General Price Complaint': 0.1616, 'High Price': 0.1158, 'Price Increase': 0.1477, 'Price Mismatch': 0.1892, 'Quantity-Price Concern': 0.3857}",MEDIUM,[],"PORTION AUDIT: Re-evaluate standard kitchen ladle sizes, plate portion weights, and value-to-cost perception for this food item."
"The menu mentioned 45, yet I was charged 60.",Price Mismatch,Negative,the menu mentioned 45 yet i was charged 60,9,42,"The menu mentioned 45, yet I was charged 60.",the menu mentioned 45 yet i was charged 60,Negative,0.7980246041043975,"{'Negative': 0.798, 'Positive': 0.202}",Price Mismatch,0.6519710273664288,"{'General Price Complaint': 0.0852, 'High Price': 0.0831, 'Price Increase': 0.0959, 'Price Mismatch': 0.652, 'Quantity-Price Concern': 0.0838}",CRITICAL (Immediate Billing Action),"['Amount/Number: 45', 'Amount/Number: 60', 'menu', 'charged']","URGENT AUDIT REQUIRED: Inspect POS billing registers, cash counters, and verify that physical menu board prices exactly match the billed amounts."
The price increase on this item is too much.,Price Increase,Negative,the price increase on this item is too much,9,43,The price increase on this item is too much.,the price increase on this item is too much,Negative,0.7992948298342526,"{'Negative': 0.7993, 'Positive': 0.2007}",Price Increase,0.31275158093603533,"{'General Price Complaint': 0.1748, 'High Price': 0.2667, 'Price Increase': 0.3128, 'Price Mismatch': 0.1048, 'Quantity-Price Concern': 0.1409}",MEDIUM (Pricing Policy),['increase'],"TRANSPARENCY NOTICE: If prices were recently revised due to inflation or input costs, display an informative notice to students explaining the reasons in advance."
This pizza slice is overcharged.,High Price,Negative,this pizza slice is overcharged,5,31,This pizza slice is overcharged.,this pizza slice is overcharged,Negative,0.6804892231057893,"{'Negative': 0.6805, 'Positive': 0.3195}",High Price,0.23815051782686064,"{'General Price Complaint': 0.2264, 'High Price': 0.2382, 'Price Increase': 0.1797, 'Price Mismatch': 0.1782, 'Quantity-Price Concern': 0.1775}",MEDIUM,[],PRICING REVIEW: Benchmark item cost against student budget guidelines. Consider offering budget-friendly student combos or subsidized staples.
The menu price is 50 but the receipt says 68.,Price Mismatch,Negative,the menu price is 50 but the receipt says 68,10,44,The menu price is 50 but the receipt says 68.,the menu price is 50 but the receipt says 68,Negative,0.7467709218309653,"{'Negative': 0.7468, 'Positive': 0.2532}",Price Mismatch,0.6894870258030008,"{'General Price Complaint': 0.089, 'High Price': 0.0746, 'Price Increase': 0.0806, 'Price Mismatch': 0.6895, 'Quantity-Price Concern': 0.0663}",CRITICAL (Immediate Billing Action),"['Amount/Number: 50', 'Amount/Number: 68', 'menu']","URGENT AUDIT REQUIRED: Inspect POS billing registers, cash counters, and verify that physical menu board prices exactly match the billed amounts."
I do not think this product is worth that price.,High Price,Negative,i do not think this product is worth that price,10,47,I do not think this product is worth that price.,i do not think this product is worth that price,Negative,0.6538945606209727,"{'Negative': 0.6539, 'Positive': 0.3461}",High Price,0.32641989865277327,"{'General Price Complaint': 0.235, 'High Price': 0.3264, 'Price Increase': 0.1622, 'Price Mismatch': 0.1333, 'Quantity-Price Concern': 0.143}",MEDIUM,[],PRICING REVIEW: Benchmark item cost against student budget guidelines. Consider offering budget-friendly student combos or subsidized staples.
The quantity is poor and not proportionate to the amount.,Quantity-Price Concern,Negative,the quantity is poor and not proportionate to the amount,10,56,The quantity is poor and not proportionate to the amount.,the quantity is poor and not proportionate to the amount,Negative,0.7830582901174408,"{'Negative': 0.7831, 'Positive': 0.2169}",Quantity-Price Concern,0.6367058351133569,"{'General Price Complaint': 0.0798, 'High Price': 0.1079, 'Price Increase': 0.083, 'Price Mismatch': 0.0926, 'Quantity-Price Concern': 0.6367}",HIGH (Review Required),['quantity'],"PORTION AUDIT: Re-evaluate standard kitchen ladle sizes, plate portion weights, and value-to-cost perception for this food item."
The counter price was different from the bill amount.,Price Mismatch,Negative,the counter price was different from the bill amount,9,52,The counter price was different from the bill amount.,the counter price was different from the bill amount,Negative,0.7912885543549979,"{'Negative': 0.7913, 'Positive': 0.2087}",Price Mismatch,0.5652305961654157,"{'General Price Complaint': 0.0945, 'High Price': 0.0932, 'Price Increase': 0.1184, 'Price Mismatch': 0.5652, 'Quantity-Price Concern': 0.1287}",CRITICAL (Immediate Billing Action),"['bill', 'counter']","URGENT AUDIT REQUIRED: Inspect POS billing registers, cash counters, and verify that physical menu board prices exactly match the billed amounts."
The item is over-priced compared to the market.,High Price,Negative,the item is over priced compared to the market,9,46,The item is over-priced compared to the market.,the item is over priced compared to the market,Negative,0.6713156179151621,"{'Negative': 0.6713, 'Positive': 0.3287}",High Price,0.34049706698995014,"{'General Price Complaint': 0.2325, 'High Price': 0.3405, 'Price Increase': 0.1307, 'Price Mismatch': 0.1234, 'Quantity-Price Concern': 0.1729}",MEDIUM,[],PRICING REVIEW: Benchmark item cost against student budget guidelines. Consider offering budget-friendly student combos or subsidized staples.
I got a half portion for a high price.,Quantity-Price Concern,Negative,i got a half portion for a high price,9,37,I got a half portion for a high price.,i got a half portion for a high price,Negative,0.728281847502785,"{'Negative': 0.7283, 'Positive': 0.2717}",Quantity-Price Concern,0.3148493157514949,"{'General Price Complaint': 0.1964, 'High Price': 0.2057, 'Price Increase': 0.143, 'Price Mismatch': 0.14, 'Quantity-Price Concern': 0.3148}",MEDIUM,['portion'],"PORTION AUDIT: Re-evaluate standard kitchen ladle sizes, plate portion weights, and value-to-cost perception for this food item."
The cost increase is hard to accept for a simple meal.,Price Increase,Negative,the cost increase is hard to accept for a simple meal,11,53,The cost increase is hard to accept for a simple meal.,the cost increase is hard to accept for a simple meal,Negative,0.7289450655291959,"{'Negative': 0.7289, 'Positive': 0.2711}",Price Increase,0.24161678823409108,"{'General Price Complaint': 0.2327, 'High Price': 0.2215, 'Price Increase': 0.2416, 'Price Mismatch': 0.1129, 'Quantity-Price Concern': 0.1913}",MEDIUM (Pricing Policy),['increase'],"TRANSPARENCY NOTICE: If prices were recently revised due to inflation or input costs, display an informative notice to students explaining the reasons in advance."
I think the tea is priced appropriately.,General Price Complaint,Positive,i think the tea is priced appropriately,7,39,I think the tea is priced appropriately.,i think the tea is priced appropriately,Positive,0.7205875876750618,"{'Negative': 0.2794, 'Positive': 0.7206}",General Price Complaint,0.4193721984139401,"{'General Price Complaint': 0.4194, 'High Price': 0.2376, 'Price Increase': 0.1388, 'Price Mismatch': 0.1003, 'Quantity-Price Concern': 0.1039}",LOW (Positive Sentiment),[],BENCHMARK EXCELLENCE: Item price and quality are well-received by customers. Maintain current portion and pricing standards as best practices.
I cannot accept the recent hike in pricing.,Price Increase,Negative,i cannot accept the recent hike in pricing,8,42,I cannot accept the recent hike in pricing.,i cannot accept the recent hike in pricing,Negative,0.7647481604786762,"{'Negative': 0.7647, 'Positive': 0.2353}",Price Increase,0.41940616689544646,"{'General Price Complaint': 0.1528, 'High Price': 0.1638, 'Price Increase': 0.4194, 'Price Mismatch': 0.1435, 'Quantity-Price Concern': 0.1205}",MEDIUM (Pricing Policy),[],"TRANSPARENCY NOTICE: If prices were recently revised due to inflation or input costs, display an informative notice to students explaining the reasons in advance."
The price seems inflated for a basic product.,General Price Complaint,Negative,the price seems inflated for a basic product,8,44,The price seems inflated for a basic product.,the price seems inflated for a basic product,Negative,0.744423228498887,"{'Negative': 0.7444, 'Positive': 0.2556}",General Price Complaint,0.38925934818717317,"{'General Price Complaint': 0.3893, 'High Price': 0.1772, 'Price Increase': 0.1495, 'Price Mismatch': 0.134, 'Quantity-Price Concern': 0.1499}",MEDIUM (General Feedback),['price'],FEEDBACK MONITORING: Keep track of customer satisfaction trends and periodically survey student sentiment regarding overall cafeteria value.
"The receipt says 200, but the price tag was 170.",Price Mismatch,Negative,the receipt says 200 but the price tag was 170,10,46,"The receipt says 200, but the price tag was 170.",the receipt says 200 but the price tag was 170,Negative,0.7798290146042752,"{'Negative': 0.7798, 'Positive': 0.2202}",Price Mismatch,0.5925321784319173,"{'General Price Complaint': 0.0954, 'High Price': 0.0831, 'Price Increase': 0.1107, 'Price Mismatch': 0.5925, 'Quantity-Price Concern': 0.1183}",CRITICAL (Immediate Billing Action),"['Amount/Number: 200', 'Amount/Number: 170']","URGENT AUDIT REQUIRED: Inspect POS billing registers, cash counters, and verify that physical menu board prices exactly match the billed amounts."
The same snack costs more every time I visit.,Price Increase,Negative,the same snack costs more every time i visit,9,44,The same snack costs more every time I visit.,the same snack costs more every time i visit,Negative,0.7540842931170443,"{'Negative': 0.7541, 'Positive': 0.2459}",Price Increase,0.5381164752537576,"{'General Price Complaint': 0.1211, 'High Price': 0.1318, 'Price Increase': 0.5381, 'Price Mismatch': 0.1155, 'Quantity-Price Concern': 0.0935}",MEDIUM (Pricing Policy),[],"TRANSPARENCY NOTICE: If prices were recently revised due to inflation or input costs, display an informative notice to students explaining the reasons in advance."
The change in price is unexpected and disappointing.,Price Increase,Negative,the change in price is unexpected and disappointing,8,51,The change in price is unexpected and disappointing.,the change in price is unexpected and disappointing,Negative,0.7193926556954737,"{'Negative': 0.7194, 'Positive': 0.2806}",Price Increase,0.39281234677480353,"{'General Price Complaint': 0.169, 'High Price': 0.1663, 'Price Increase': 0.3928, 'Price Mismatch': 0.1386, 'Quantity-Price Concern': 0.1333}",MEDIUM (Pricing Policy),[],"TRANSPARENCY NOTICE: If prices were recently revised due to inflation or input costs, display an informative notice to students explaining the reasons in advance."
The item feels like a very small quantity for the price.,Quantity-Price Concern,Negative,the item feels like a very small quantity for the price,11,55,The item feels like a very small quantity for the price.,the item feels like a very small quantity for the price,Negative,0.7697196014023087,"{'Negative': 0.7697, 'Positive': 0.2303}",Quantity-Price Concern,0.5687319361316874,"{'General Price Complaint': 0.146, 'High Price': 0.1067, 'Price Increase': 0.0985, 'Price Mismatch': 0.0801, 'Quantity-Price Concern': 0.5687}",MEDIUM,"['quantity', 'small']","PORTION AUDIT: Re-evaluate standard kitchen ladle sizes, plate portion weights, and value-to-cost perception for this food item."
The offer seems unfair because the portion is too small.,Quantity-Price Concern,Negative,the offer seems unfair because the portion is too small,10,55,The offer seems unfair because the portion is too small.,the offer seems unfair because the portion is too small,Negative,0.7737357065791395,"{'Negative': 0.7737, 'Positive': 0.2263}",Quantity-Price Concern,0.44344845469774546,"{'General Price Complaint': 0.1453, 'High Price': 0.1777, 'Price Increase': 0.1212, 'Price Mismatch': 0.1123, 'Quantity-Price Concern': 0.4434}",MEDIUM,"['portion', 'small']","PORTION AUDIT: Re-evaluate standard kitchen ladle sizes, plate portion weights, and value-to-cost perception for this food item."
The snack costs more than it should.,High Price,Negative,the snack costs more than it should,7,35,The snack costs more than it should.,the snack costs more than it should,Negative,0.7754218396342801,"{'Negative': 0.7754, 'Positive': 0.2246}",Price Increase,0.30739569007710255,"{'General Price Complaint': 0.2086, 'High Price': 0.2522, 'Price Increase': 0.3074, 'Price Mismatch': 0.1296, 'Quantity-Price Concern': 0.1022}",MEDIUM (Pricing Policy),[],"TRANSPARENCY NOTICE: If prices were recently revised due to inflation or input costs, display an informative notice to students explaining the reasons in advance."
The serving size is very limited for the expense.,Quantity-Price Concern,Negative,the serving size is very limited for the expense,9,48,The serving size is very limited for the expense.,the serving size is very limited for the expense,Negative,0.7333512728226391,"{'Negative': 0.7334, 'Positive': 0.2666}",Quantity-Price Concern,0.5486493648303176,"{'General Price Complaint': 0.1099, 'High Price': 0.1581, 'Price Increase': 0.0938, 'Price Mismatch': 0.0895, 'Quantity-Price Concern': 0.5486}",MEDIUM,['size'],"PORTION AUDIT: Re-evaluate standard kitchen ladle sizes, plate portion weights, and value-to-cost perception for this food item."
The panel shows increased pricing for familiar items.,Price Increase,Negative,the panel shows increased pricing for familiar items,8,52,The panel shows increased pricing for familiar items.,the panel shows increased pricing for familiar items,Negative,0.7146719665110917,"{'Negative': 0.7147, 'Positive': 0.2853}",Price Increase,0.382885560445968,"{'General Price Complaint': 0.1696, 'High Price': 0.1603, 'Price Increase': 0.3829, 'Price Mismatch': 0.1588, 'Quantity-Price Concern': 0.1283}",MEDIUM (Pricing Policy),['increased'],"TRANSPARENCY NOTICE: If prices were recently revised due to inflation or input costs, display an informative notice to students explaining the reasons in advance."
The price is not justified for this meal.,General Price Complaint,Negative,the price is not justified for this meal,8,40,The price is not justified for this meal.,the price is not justified for this meal,Negative,0.570423257800964,"{'Negative': 0.5704, 'Positive': 0.4296}",General Price Complaint,0.4890809839822591,"{'General Price Complaint': 0.4891, 'High Price': 0.1447, 'Price Increase': 0.1132, 'Price Mismatch': 0.0745, 'Quantity-Price Concern': 0.1786}",MEDIUM (General Feedback),['price'],FEEDBACK MONITORING: Keep track of customer satisfaction trends and periodically survey student sentiment regarding overall cafeteria value.
The noodles cost too much for the size of the serving.,High Price,Negative,the noodles cost too much for the size of the serving,11,53,The noodles cost too much for the size of the serving.,the noodles cost too much for the size of the serving,Negative,0.7373888293722426,"{'Negative': 0.7374, 'Positive': 0.2626}",High Price,0.5034682006887048,"{'General Price Complaint': 0.1043, 'High Price': 0.5035, 'Price Increase': 0.1236, 'Price Mismatch': 0.0863, 'Quantity-Price Concern': 0.1824}",MEDIUM,['too much'],PRICING REVIEW: Benchmark item cost against student budget guidelines. Consider offering budget-friendly student combos or subsidized staples.
The amount served is not enough for what we paid.,Quantity-Price Concern,Negative,the amount served is not enough for what we paid,10,48,The amount served is not enough for what we paid.,the amount served is not enough for what we paid,Negative,0.7512848753325307,"{'Negative': 0.7513, 'Positive': 0.2487}",Quantity-Price Concern,0.566291536309986,"{'General Price Complaint': 0.1507, 'High Price': 0.0973, 'Price Increase': 0.0872, 'Price Mismatch': 0.0985, 'Quantity-Price Concern': 0.5663}",MEDIUM,[],"PORTION AUDIT: Re-evaluate standard kitchen ladle sizes, plate portion weights, and value-to-cost perception for this food item."
I am upset that the price went up so suddenly.,Price Increase,Negative,i am upset that the price went up so suddenly,10,45,I am upset that the price went up so suddenly.,i am upset that the price went up so suddenly,Negative,0.7289840873559094,"{'Negative': 0.729, 'Positive': 0.271}",Price Increase,0.2774220100698551,"{'General Price Complaint': 0.1982, 'High Price': 0.1804, 'Price Increase': 0.2774, 'Price Mismatch': 0.183, 'Quantity-Price Concern': 0.161}",MEDIUM (Pricing Policy),[],"TRANSPARENCY NOTICE: If prices were recently revised due to inflation or input costs, display an informative notice to students explaining the reasons in advance."
The burger costs more than it should and feels overpriced.,High Price,Negative,the burger costs more than it should and feels overpriced,10,57,The burger costs more than it should and feels overpriced.,the burger costs more than it should and feels overpriced,Negative,0.8107618295092285,"{'Negative': 0.8108, 'Positive': 0.1892}",High Price,0.4314895919702135,"{'General Price Complaint': 0.183, 'High Price': 0.4315, 'Price Increase': 0.2083, 'Price Mismatch': 0.1018, 'Quantity-Price Concern': 0.0755}",MEDIUM,['overpriced'],PRICING REVIEW: Benchmark item cost against student budget guidelines. Consider offering budget-friendly student combos or subsidized staples.
The item became significantly more expensive overnight.,Price Increase,Negative,the item became significantly more expensive overnight,7,54,The item became significantly more expensive overnight.,the item became significantly more expensive overnight,Negative,0.77734248526017,"{'Negative': 0.7773, 'Positive': 0.2227}",Price Increase,0.441450383487682,"{'General Price Complaint': 0.1583, 'High Price': 0.1434, 'Price Increase': 0.4415, 'Price Mismatch': 0.138, 'Quantity-Price Concern': 0.1189}",MEDIUM (Pricing Policy),[],"TRANSPARENCY NOTICE: If prices were recently revised due to inflation or input costs, display an informative notice to students explaining the reasons in advance."
I was shocked by the high price of the sandwich.,High Price,Negative,i was shocked by the high price of the sandwich,10,47,I was shocked by the high price of the sandwich.,i was shocked by the high price of the sandwich,Negative,0.7351130571241671,"{'Negative': 0.7351, 'Positive': 0.2649}",High Price,0.2950724681283852,"{'General Price Complaint': 0.1261, 'High Price': 0.2951, 'Price Increase': 0.2565, 'Price Mismatch': 0.1909, 'Quantity-Price Concern': 0.1314}",MEDIUM,['high'],PRICING REVIEW: Benchmark item cost against student budget guidelines. Consider offering budget-friendly student combos or subsidized staples.
The snack price has jumped significantly in recent days.,Price Increase,Negative,the snack price has jumped significantly in recent days,9,55,The snack price has jumped significantly in recent days.,the snack price has jumped significantly in recent days,Negative,0.7428288916602983,"{'Negative': 0.7428, 'Positive': 0.2572}",Price Increase,0.5223518355949845,"{'General Price Complaint': 0.1276, 'High Price': 0.1129, 'Price Increase': 0.5224, 'Price Mismatch': 0.1247, 'Quantity-Price Concern': 0.1125}",MEDIUM (Pricing Policy),['jumped'],"TRANSPARENCY NOTICE: If prices were recently revised due to inflation or input costs, display an informative notice to students explaining the reasons in advance."
This is a fair price for a fresh and tasty item.,General Price Complaint,Positive,this is a fair price for a fresh and tasty item,11,47,This is a fair price for a fresh and tasty item.,this is a fair price for a fresh and tasty item,Positive,0.731688527103346,"{'Negative': 0.2683, 'Positive': 0.7317}",General Price Complaint,0.5503757670409494,"{'General Price Complaint': 0.5504, 'High Price': 0.1222, 'Price Increase': 0.1143, 'Price Mismatch': 0.0937, 'Quantity-Price Concern': 0.1194}",LOW (Positive Sentiment),"['price', 'fair', 'tasty']",BENCHMARK EXCELLENCE: Item price and quality are well-received by customers. Maintain current portion and pricing standards as best practices.
The sandwich price has increased and it affects affordability.,Price Increase,Negative,the sandwich price has increased and it affects affordability,9,61,The sandwich price has increased and it affects affordability.,the sandwich price has increased and it affects affordability,Negative,0.770667223392569,"{'Negative': 0.7707, 'Positive': 0.2293}",Price Increase,0.6102261787679987,"{'General Price Complaint': 0.0994, 'High Price': 0.107, 'Price Increase': 0.6102, 'Price Mismatch': 0.1011, 'Quantity-Price Concern': 0.0823}",MEDIUM (Pricing Policy),['increased'],"TRANSPARENCY NOTICE: If prices were recently revised due to inflation or input costs, display an informative notice to students explaining the reasons in advance."
The actual bill does not agree with the menu price.,Price Mismatch,Negative,the actual bill does not agree with the menu price,10,50,The actual bill does not agree with the menu price.,the actual bill does not agree with the menu price,Negative,0.7391778380021731,"{'Negative': 0.7392, 'Positive': 0.2608}",Price Mismatch,0.5575656813537572,"{'General Price Complaint': 0.126, 'High Price': 0.0955, 'Price Increase': 0.105, 'Price Mismatch': 0.5576, 'Quantity-Price Concern': 0.116}",CRITICAL (Immediate Billing Action),"['menu', 'bill']","URGENT AUDIT REQUIRED: Inspect POS billing registers, cash counters, and verify that physical menu board prices exactly match the billed amounts."
The coffee is a fair price for a good cup.,General Price Complaint,Positive,the coffee is a fair price for a good cup,10,41,The coffee is a fair price for a good cup.,the coffee is a fair price for a good cup,Positive,0.8025809430346353,"{'Negative': 0.1974, 'Positive': 0.8026}",General Price Complaint,0.5469971018212259,"{'General Price Complaint': 0.547, 'High Price': 0.1395, 'Price Increase': 0.1194, 'Price Mismatch': 0.0954, 'Quantity-Price Concern': 0.0987}",LOW (Positive Sentiment),"['price', 'fair', 'good']",BENCHMARK EXCELLENCE: Item price and quality are well-received by customers. Maintain current portion and pricing standards as best practices.
The price of this food is normal and fair.,General Price Complaint,Positive,the price of this food is normal and fair,9,41,The price of this food is normal and fair.,the price of this food is normal and fair,Positive,0.5552950666828655,"{'Negative': 0.4447, 'Positive': 0.5553}",General Price Complaint,0.47222443625578053,"{'General Price Complaint': 0.4722, 'High Price': 0.138, 'Price Increase': 0.1475, 'Price Mismatch': 0.0999, 'Quantity-Price Concern': 0.1424}",LOW (Positive Sentiment),"['price', 'fair']",BENCHMARK EXCELLENCE: Item price and quality are well-received by customers. Maintain current portion and pricing standards as best practices.
The serving size is tiny and not fair for this cost.,Quantity-Price Concern,Negative,the serving size is tiny and not fair for this cost,11,51,The serving size is tiny and not fair for this cost.,the serving size is tiny and not fair for this cost,Negative,0.6768970509497199,"{'Negative': 0.6769, 'Positive': 0.3231}",Quantity-Price Concern,0.5192527506698179,"{'General Price Complaint': 0.162, 'High Price': 0.1494, 'Price Increase': 0.0959, 'Price Mismatch': 0.0734, 'Quantity-Price Concern': 0.5193}",MEDIUM,"['size', 'tiny']","PORTION AUDIT: Re-evaluate standard kitchen ladle sizes, plate portion weights, and value-to-cost perception for this food item."
The price has increased by a lot compared to last time.,Price Increase,Negative,the price has increased by a lot compared to last time,11,54,The price has increased by a lot compared to last time.,the price has increased by a lot compared to last time,Negative,0.7657875526732741,"{'Negative': 0.7658, 'Positive': 0.2342}",Price Increase,0.5601740176637277,"{'General Price Complaint': 0.106, 'High Price': 0.1048, 'Price Increase': 0.5602, 'Price Mismatch': 0.1146, 'Quantity-Price Concern': 0.1144}",MEDIUM (Pricing Policy),['increased'],"TRANSPARENCY NOTICE: If prices were recently revised due to inflation or input costs, display an informative notice to students explaining the reasons in advance."
I noticed the burger price increased recently.,Price Increase,Negative,i noticed the burger price increased recently,7,45,I noticed the burger price increased recently.,i noticed the burger price increased recently,Negative,0.7056880645605488,"{'Negative': 0.7057, 'Positive': 0.2943}",Price Increase,0.47430020822384283,"{'General Price Complaint': 0.146, 'High Price': 0.1407, 'Price Increase': 0.4743, 'Price Mismatch': 0.1329, 'Quantity-Price Concern': 0.1061}",MEDIUM (Pricing Policy),['increased'],"TRANSPARENCY NOTICE: If prices were recently revised due to inflation or input costs, display an informative notice to students explaining the reasons in advance."
The sandwich costs a little more but still feels justified.,General Price Complaint,Positive,the sandwich costs a little more but still feels justified,10,58,The sandwich costs a little more but still feels justified.,the sandwich costs a little more but still feels justified,Positive,0.67817709147054,"{'Negative': 0.3218, 'Positive': 0.6782}",Price Increase,0.26773400232577466,"{'General Price Complaint': 0.219, 'High Price': 0.1854, 'Price Increase': 0.2677, 'Price Mismatch': 0.1634, 'Quantity-Price Concern': 0.1644}",LOW (Positive Sentiment),[],BENCHMARK EXCELLENCE: Item price and quality are well-received by customers. Maintain current portion and pricing standards as best practices.
The quantity is very limited considering the cost.,Quantity-Price Concern,Negative,the quantity is very limited considering the cost,8,49,The quantity is very limited considering the cost.,the quantity is very limited considering the cost,Negative,0.7624282609300626,"{'Negative': 0.7624, 'Positive': 0.2376}",Quantity-Price Concern,0.6170347905545291,"{'General Price Complaint': 0.0974, 'High Price': 0.1003, 'Price Increase': 0.1035, 'Price Mismatch': 0.0818, 'Quantity-Price Concern': 0.617}",HIGH (Review Required),['quantity'],"PORTION AUDIT: Re-evaluate standard kitchen ladle sizes, plate portion weights, and value-to-cost perception for this food item."
The dosa feels overpriced and disappointing.,High Price,Negative,the dosa feels overpriced and disappointing,6,43,The dosa feels overpriced and disappointing.,the dosa feels overpriced and disappointing,Negative,0.7309160067799253,"{'Negative': 0.7309, 'Positive': 0.2691}",High Price,0.44164085162844763,"{'General Price Complaint': 0.1603, 'High Price': 0.4416, 'Price Increase': 0.1597, 'Price Mismatch': 0.1218, 'Quantity-Price Concern': 0.1165}",MEDIUM,['overpriced'],PRICING REVIEW: Benchmark item cost against student budget guidelines. Consider offering budget-friendly student combos or subsidized staples.
This item has become dearer without added value.,Price Increase,Negative,this item has become dearer without added value,8,47,This item has become dearer without added value.,this item has become dearer without added value,Negative,0.7613693445203136,"{'Negative': 0.7614, 'Positive': 0.2386}",Price Increase,0.4836027097207496,"{'General Price Complaint': 0.1497, 'High Price': 0.1326, 'Price Increase': 0.4836, 'Price Mismatch': 0.1165, 'Quantity-Price Concern': 0.1176}",MEDIUM (Pricing Policy),[],"TRANSPARENCY NOTICE: If prices were recently revised due to inflation or input costs, display an informative notice to students explaining the reasons in advance."
This item has become more expensive without any improvement.,Price Increase,Negative,this item has become more expensive without any improvement,9,59,This item has become more expensive without any improvement.,this item has become more expensive without any improvement,Negative,0.7816260731391502,"{'Negative': 0.7816, 'Positive': 0.2184}",Price Increase,0.6095908443958842,"{'General Price Complaint': 0.1194, 'High Price': 0.1134, 'Price Increase': 0.6096, 'Price Mismatch': 0.0829, 'Quantity-Price Concern': 0.0747}",MEDIUM (Pricing Policy),[],"TRANSPARENCY NOTICE: If prices were recently revised due to inflation or input costs, display an informative notice to students explaining the reasons in advance."
The price feels high even though the taste is average.,General Price Complaint,Negative,the price feels high even though the taste is average,10,53,The price feels high even though the taste is average.,the price feels high even though the taste is average,Negative,0.7561014318538469,"{'Negative': 0.7561, 'Positive': 0.2439}",General Price Complaint,0.37562910861412563,"{'General Price Complaint': 0.3756, 'High Price': 0.2033, 'Price Increase': 0.1494, 'Price Mismatch': 0.135, 'Quantity-Price Concern': 0.1367}",MEDIUM (General Feedback),['price'],FEEDBACK MONITORING: Keep track of customer satisfaction trends and periodically survey student sentiment regarding overall cafeteria value.
The coffee is worth the price paid.,General Price Complaint,Positive,the coffee is worth the price paid,7,34,The coffee is worth the price paid.,the coffee is worth the price paid,Positive,0.6798268484788453,"{'Negative': 0.3202, 'Positive': 0.6798}",General Price Complaint,0.34489086654590645,"{'General Price Complaint': 0.3449, 'High Price': 0.1933, 'Price Increase': 0.147, 'Price Mismatch': 0.1357, 'Quantity-Price Concern': 0.1791}",LOW (Positive Sentiment),"['price', 'worth']",BENCHMARK EXCELLENCE: Item price and quality are well-received by customers. Maintain current portion and pricing standards as best practices.
I think the cost is more than expected here.,General Price Complaint,Negative,i think the cost is more than expected here,9,43,I think the cost is more than expected here.,i think the cost is more than expected here,Negative,0.6825843928009676,"{'Negative': 0.6826, 'Positive': 0.3174}",General Price Complaint,0.43874587504710777,"{'General Price Complaint': 0.4387, 'High Price': 0.1779, 'Price Increase': 0.1564, 'Price Mismatch': 0.1095, 'Quantity-Price Concern': 0.1174}",MEDIUM (General Feedback),['cost'],FEEDBACK MONITORING: Keep track of customer satisfaction trends and periodically survey student sentiment regarding overall cafeteria value.
Prices are increasing but the service has not improved.,Price Increase,Negative,prices are increasing but the service has not improved,9,54,Prices are increasing but the service has not improved.,prices are increasing but the service has not improved,Negative,0.7198733946137477,"{'Negative': 0.7199, 'Positive': 0.2801}",Price Increase,0.4903746805331853,"{'General Price Complaint': 0.138, 'High Price': 0.1072, 'Price Increase': 0.4904, 'Price Mismatch': 0.1569, 'Quantity-Price Concern': 0.1076}",MEDIUM (Pricing Policy),[],"TRANSPARENCY NOTICE: If prices were recently revised due to inflation or input costs, display an informative notice to students explaining the reasons in advance."
The tag says 20 but I was charged 30.,Price Mismatch,Negative,the tag says 20 but i was charged 30,9,36,The tag says 20 but I was charged 30.,the tag says 20 but i was charged 30,Negative,0.7984269180314069,"{'Negative': 0.7984, 'Positive': 0.2016}",Price Mismatch,0.6571000705526332,"{'General Price Complaint': 0.0765, 'High Price': 0.0766, 'Price Increase': 0.093, 'Price Mismatch': 0.6571, 'Quantity-Price Concern': 0.0969}",CRITICAL (Immediate Billing Action),"['Amount/Number: 20', 'Amount/Number: 30', 'charged']","URGENT AUDIT REQUIRED: Inspect POS billing registers, cash counters, and verify that physical menu board prices exactly match the billed amounts."
The price of the burger increased from last week.,Price Increase,Negative,the price of the burger increased from last week,9,48,The price of the burger increased from last week.,the price of the burger increased from last week,Negative,0.7219488630555833,"{'Negative': 0.7219, 'Positive': 0.2781}",Price Increase,0.49620850518370735,"{'General Price Complaint': 0.1309, 'High Price': 0.1533, 'Price Increase': 0.4962, 'Price Mismatch': 0.1171, 'Quantity-Price Concern': 0.1025}",MEDIUM (Pricing Policy),['increased'],"TRANSPARENCY NOTICE: If prices were recently revised due to inflation or input costs, display an informative notice to students explaining the reasons in advance."
The samosa is priced reasonably for the portion size.,General Price Complaint,Positive,the samosa is priced reasonably for the portion size,9,52,The samosa is priced reasonably for the portion size.,the samosa is priced reasonably for the portion size,Positive,0.7474383830803948,"{'Negative': 0.2526, 'Positive': 0.7474}",General Price Complaint,0.3044492641913255,"{'General Price Complaint': 0.3044, 'High Price': 0.2968, 'Price Increase': 0.1028, 'Price Mismatch': 0.0783, 'Quantity-Price Concern': 0.2177}",LOW (Positive Sentiment),[],BENCHMARK EXCELLENCE: Item price and quality are well-received by customers. Maintain current portion and pricing standards as best practices.
Very little product for the price they ask.,Quantity-Price Concern,Negative,very little product for the price they ask,8,42,Very little product for the price they ask.,very little product for the price they ask,Negative,0.6717824275820125,"{'Negative': 0.6718, 'Positive': 0.3282}",Quantity-Price Concern,0.5215908623863518,"{'General Price Complaint': 0.1537, 'High Price': 0.1227, 'Price Increase': 0.1001, 'Price Mismatch': 0.102, 'Quantity-Price Concern': 0.5216}",MEDIUM,['little'],"PORTION AUDIT: Re-evaluate standard kitchen ladle sizes, plate portion weights, and value-to-cost perception for this food item."
The price of coffee has increased again this week.,Price Increase,Negative,the price of coffee has increased again this week,9,49,The price of coffee has increased again this week.,the price of coffee has increased again this week,Negative,0.7415693663330729,"{'Negative': 0.7416, 'Positive': 0.2584}",Price Increase,0.5706007330515462,"{'General Price Complaint': 0.1242, 'High Price': 0.1117, 'Price Increase': 0.5706, 'Price Mismatch': 0.0951, 'Quantity-Price Concern': 0.0984}",MEDIUM (Pricing Policy),['increased'],"TRANSPARENCY NOTICE: If prices were recently revised due to inflation or input costs, display an informative notice to students explaining the reasons in advance."
"I expected to pay 80, but I was charged 95.",Price Mismatch,Negative,i expected to pay 80 but i was charged 95,10,41,"I expected to pay 80, but I was charged 95.",i expected to pay 80 but i was charged 95,Negative,0.8073594590556374,"{'Negative': 0.8074, 'Positive': 0.1926}",Price Mismatch,0.6178699967897452,"{'General Price Complaint': 0.0857, 'High Price': 0.0911, 'Price Increase': 0.0985, 'Price Mismatch': 0.6179, 'Quantity-Price Concern': 0.1069}",CRITICAL (Immediate Billing Action),"['Amount/Number: 80', 'Amount/Number: 95', 'charged']","URGENT AUDIT REQUIRED: Inspect POS billing registers, cash counters, and verify that physical menu board prices exactly match the billed amounts."
The receipt price is incorrect compared to the menu.,Price Mismatch,Negative,the receipt price is incorrect compared to the menu,9,51,The receipt price is incorrect compared to the menu.,the receipt price is incorrect compared to the menu,Negative,0.7029502892110104,"{'Negative': 0.703, 'Positive': 0.297}",Price Mismatch,0.5160109560786443,"{'General Price Complaint': 0.1314, 'High Price': 0.1298, 'Price Increase': 0.1101, 'Price Mismatch': 0.516, 'Quantity-Price Concern': 0.1127}",CRITICAL (Immediate Billing Action),['menu'],"URGENT AUDIT REQUIRED: Inspect POS billing registers, cash counters, and verify that physical menu board prices exactly match the billed amounts."
The combo meal is reasonably priced.,General Price Complaint,Positive,the combo meal is reasonably priced,6,35,The combo meal is reasonably priced.,the combo meal is reasonably priced,Positive,0.7585326128673658,"{'Negative': 0.2415, 'Positive': 0.7585}",General Price Complaint,0.4438001760428908,"{'General Price Complaint': 0.4438, 'High Price': 0.2113, 'Price Increase': 0.1271, 'Price Mismatch': 0.1118, 'Quantity-Price Concern': 0.106}",LOW (Positive Sentiment),[],BENCHMARK EXCELLENCE: Item price and quality are well-received by customers. Maintain current portion and pricing standards as best practices.
The coffee now costs more than before for the same cup.,Price Increase,Negative,the coffee now costs more than before for the same cup,11,54,The coffee now costs more than before for the same cup.,the coffee now costs more than before for the same cup,Negative,0.6902846720499373,"{'Negative': 0.6903, 'Positive': 0.3097}",Price Increase,0.5616768601953527,"{'General Price Complaint': 0.1315, 'High Price': 0.131, 'Price Increase': 0.5617, 'Price Mismatch': 0.0894, 'Quantity-Price Concern': 0.0864}",MEDIUM (Pricing Policy),"['before', 'now']","TRANSPARENCY NOTICE: If prices were recently revised due to inflation or input costs, display an informative notice to students explaining the reasons in advance."
The package is tiny but still charged at a premium.,Quantity-Price Concern,Negative,the package is tiny but still charged at a premium,10,50,The package is tiny but still charged at a premium.,the package is tiny but still charged at a premium,Negative,0.6713827495114368,"{'Negative': 0.6714, 'Positive': 0.3286}",Quantity-Price Concern,0.38718306602378555,"{'General Price Complaint': 0.146, 'High Price': 0.1324, 'Price Increase': 0.1439, 'Price Mismatch': 0.1906, 'Quantity-Price Concern': 0.3872}",MEDIUM,['tiny'],"PORTION AUDIT: Re-evaluate standard kitchen ladle sizes, plate portion weights, and value-to-cost perception for this food item."
It feels like the price went up while quality stayed the same.,Price Increase,Negative,it feels like the price went up while quality stayed the same,12,61,It feels like the price went up while quality stayed the same.,it feels like the price went up while quality stayed the same,Negative,0.7377318237576267,"{'Negative': 0.7377, 'Positive': 0.2623}",Price Increase,0.437562305081094,"{'General Price Complaint': 0.1672, 'High Price': 0.1371, 'Price Increase': 0.4376, 'Price Mismatch': 0.139, 'Quantity-Price Concern': 0.1191}",MEDIUM (Pricing Policy),[],"TRANSPARENCY NOTICE: If prices were recently revised due to inflation or input costs, display an informative notice to students explaining the reasons in advance."
The increase in snack prices is becoming unfair.,Price Increase,Negative,the increase in snack prices is becoming unfair,8,47,The increase in snack prices is becoming unfair.,the increase in snack prices is becoming unfair,Negative,0.7328372751788437,"{'Negative': 0.7328, 'Positive': 0.2672}",Price Increase,0.5090452855094181,"{'General Price Complaint': 0.1366, 'High Price': 0.1308, 'Price Increase': 0.509, 'Price Mismatch': 0.1124, 'Quantity-Price Concern': 0.1112}",MEDIUM (Pricing Policy),['increase'],"TRANSPARENCY NOTICE: If prices were recently revised due to inflation or input costs, display an informative notice to students explaining the reasons in advance."
It seems the shop has raised the price again.,Price Increase,Negative,it seems the shop has raised the price again,9,44,It seems the shop has raised the price again.,it seems the shop has raised the price again,Negative,0.791693237352382,"{'Negative': 0.7917, 'Positive': 0.2083}",Price Increase,0.4306386287585098,"{'General Price Complaint': 0.1741, 'High Price': 0.1284, 'Price Increase': 0.4306, 'Price Mismatch': 0.1384, 'Quantity-Price Concern': 0.1284}",MEDIUM (Pricing Policy),[],"TRANSPARENCY NOTICE: If prices were recently revised due to inflation or input costs, display an informative notice to students explaining the reasons in advance."
The final amount did not match what was displayed earlier.,Price Mismatch,Negative,the final amount did not match what was displayed earlier,10,57,The final amount did not match what was displayed earlier.,the final amount did not match what was displayed earlier,Negative,0.7980108178718202,"{'Negative': 0.798, 'Positive': 0.202}",Price Mismatch,0.4313735292205883,"{'General Price Complaint': 0.1231, 'High Price': 0.1207, 'Price Increase': 0.1482, 'Price Mismatch': 0.4314, 'Quantity-Price Concern': 0.1767}",CRITICAL (Immediate Billing Action),[],"URGENT AUDIT REQUIRED: Inspect POS billing registers, cash counters, and verify that physical menu board prices exactly match the billed amounts."
The burger charges are too high for a basic item.,High Price,Negative,the burger charges are too high for a basic item,10,48,The burger charges are too high for a basic item.,the burger charges are too high for a basic item,Negative,0.7685483953924477,"{'Negative': 0.7685, 'Positive': 0.2315}",High Price,0.5029270993009733,"{'General Price Complaint': 0.1762, 'High Price': 0.5029, 'Price Increase': 0.1297, 'Price Mismatch': 0.0904, 'Quantity-Price Concern': 0.1008}",MEDIUM,['high'],PRICING REVIEW: Benchmark item cost against student budget guidelines. Consider offering budget-friendly student combos or subsidized staples.
I was charged a higher amount than what was shown earlier.,Price Mismatch,Negative,i was charged a higher amount than what was shown earlier,11,57,I was charged a higher amount than what was shown earlier.,i was charged a higher amount than what was shown earlier,Negative,0.8269541205321629,"{'Negative': 0.827, 'Positive': 0.173}",Price Mismatch,0.5715260490723084,"{'General Price Complaint': 0.092, 'High Price': 0.0933, 'Price Increase': 0.1254, 'Price Mismatch': 0.5715, 'Quantity-Price Concern': 0.1177}",CRITICAL (Immediate Billing Action),['charged'],"URGENT AUDIT REQUIRED: Inspect POS billing registers, cash counters, and verify that physical menu board prices exactly match the billed amounts."
The product is too small relative to what I paid.,Quantity-Price Concern,Negative,the product is too small relative to what i paid,10,48,The product is too small relative to what I paid.,the product is too small relative to what i paid,Negative,0.7909845367952717,"{'Negative': 0.791, 'Positive': 0.209}",Quantity-Price Concern,0.4470700352600041,"{'General Price Complaint': 0.1143, 'High Price': 0.1901, 'Price Increase': 0.127, 'Price Mismatch': 0.1215, 'Quantity-Price Concern': 0.4471}",MEDIUM,['small'],"PORTION AUDIT: Re-evaluate standard kitchen ladle sizes, plate portion weights, and value-to-cost perception for this food item."
The cost does not match the actual quantity served.,Quantity-Price Concern,Negative,the cost does not match the actual quantity served,9,50,The cost does not match the actual quantity served.,the cost does not match the actual quantity served,Negative,0.7546649296194126,"{'Negative': 0.7547, 'Positive': 0.2453}",Quantity-Price Concern,0.40072244277254204,"{'General Price Complaint': 0.1298, 'High Price': 0.1261, 'Price Increase': 0.1387, 'Price Mismatch': 0.2046, 'Quantity-Price Concern': 0.4007}",MEDIUM,['quantity'],"PORTION AUDIT: Re-evaluate standard kitchen ladle sizes, plate portion weights, and value-to-cost perception for this food item."
The bill got higher than the price board at the counter.,Price Mismatch,Negative,the bill got higher than the price board at the counter,11,55,The bill got higher than the price board at the counter.,the bill got higher than the price board at the counter,Negative,0.8145705335558909,"{'Negative': 0.8146, 'Positive': 0.1854}",Price Mismatch,0.5325054923897766,"{'General Price Complaint': 0.1188, 'High Price': 0.1159, 'Price Increase': 0.1178, 'Price Mismatch': 0.5325, 'Quantity-Price Concern': 0.1149}",CRITICAL (Immediate Billing Action),"['bill', 'counter']","URGENT AUDIT REQUIRED: Inspect POS billing registers, cash counters, and verify that physical menu board prices exactly match the billed amounts."
The expense for the sandwich is unnecessarily high.,High Price,Negative,the expense for the sandwich is unnecessarily high,8,50,The expense for the sandwich is unnecessarily high.,the expense for the sandwich is unnecessarily high,Negative,0.6914077371218519,"{'Negative': 0.6914, 'Positive': 0.3086}",High Price,0.42141808934945424,"{'General Price Complaint': 0.1554, 'High Price': 0.4214, 'Price Increase': 0.1442, 'Price Mismatch': 0.1052, 'Quantity-Price Concern': 0.1737}",MEDIUM,['high'],PRICING REVIEW: Benchmark item cost against student budget guidelines. Consider offering budget-friendly student combos or subsidized staples.
The quantity is not enough for the price charged.,Quantity-Price Concern,Negative,the quantity is not enough for the price charged,9,48,The quantity is not enough for the price charged.,the quantity is not enough for the price charged,Negative,0.7240488333010291,"{'Negative': 0.724, 'Positive': 0.276}",Quantity-Price Concern,0.6633668754944594,"{'General Price Complaint': 0.127, 'High Price': 0.0806, 'Price Increase': 0.0594, 'Price Mismatch': 0.0696, 'Quantity-Price Concern': 0.6634}",HIGH (Review Required),['quantity'],"PORTION AUDIT: Re-evaluate standard kitchen ladle sizes, plate portion weights, and value-to-cost perception for this food item."
This menu item is a little expensive overall.,General Price Complaint,Negative,this menu item is a little expensive overall,8,44,This menu item is a little expensive overall.,this menu item is a little expensive overall,Negative,0.7443959274352437,"{'Negative': 0.7444, 'Positive': 0.2556}",General Price Complaint,0.4335675819107842,"{'General Price Complaint': 0.4336, 'High Price': 0.1374, 'Price Increase': 0.1515, 'Price Mismatch': 0.1318, 'Quantity-Price Concern': 0.1456}",MEDIUM (General Feedback),[],FEEDBACK MONITORING: Keep track of customer satisfaction trends and periodically survey student sentiment regarding overall cafeteria value.
The quantity and price feel balanced here.,General Price Complaint,Positive,the quantity and price feel balanced here,7,41,The quantity and price feel balanced here.,the quantity and price feel balanced here,Positive,0.6745462039201553,"{'Negative': 0.3255, 'Positive': 0.6745}",General Price Complaint,0.4221863837750476,"{'General Price Complaint': 0.4222, 'High Price': 0.143, 'Price Increase': 0.1283, 'Price Mismatch': 0.1337, 'Quantity-Price Concern': 0.1729}",LOW (Positive Sentiment),['price'],BENCHMARK EXCELLENCE: Item price and quality are well-received by customers. Maintain current portion and pricing standards as best practices.
The item used to be affordable but is now too expensive.,Price Increase,Negative,the item used to be affordable but is now too expensive,11,55,The item used to be affordable but is now too expensive.,the item used to be affordable but is now too expensive,Negative,0.7575006693794638,"{'Negative': 0.7575, 'Positive': 0.2425}",Price Increase,0.43014797349657274,"{'General Price Complaint': 0.134, 'High Price': 0.1753, 'Price Increase': 0.4301, 'Price Mismatch': 0.1237, 'Quantity-Price Concern': 0.1368}",MEDIUM (Pricing Policy),"['used to', 'now']","TRANSPARENCY NOTICE: If prices were recently revised due to inflation or input costs, display an informative notice to students explaining the reasons in advance."
The tea is reasonably priced for a caf?.,General Price Complaint,Positive,the tea is reasonably priced for a caf,8,38,The tea is reasonably priced for a caf?.,the tea is reasonably priced for a caf,Positive,0.8249455605198157,"{'Negative': 0.1751, 'Positive': 0.8249}",General Price Complaint,0.4859261368988327,"{'General Price Complaint': 0.4859, 'High Price': 0.1781, 'Price Increase': 0.132, 'Price Mismatch': 0.097, 'Quantity-Price Concern': 0.1071}",LOW (Positive Sentiment),[],BENCHMARK EXCELLENCE: Item price and quality are well-received by customers. Maintain current portion and pricing standards as best practices.
The price is not consistent with the quality.,General Price Complaint,Negative,the price is not consistent with the quality,8,44,The price is not consistent with the quality.,the price is not consistent with the quality,Negative,0.5092120363095569,"{'Negative': 0.5092, 'Positive': 0.4908}",General Price Complaint,0.4913997670484723,"{'General Price Complaint': 0.4914, 'High Price': 0.128, 'Price Increase': 0.1362, 'Price Mismatch': 0.1234, 'Quantity-Price Concern': 0.121}",MEDIUM (General Feedback),['price'],FEEDBACK MONITORING: Keep track of customer satisfaction trends and periodically survey student sentiment regarding overall cafeteria value.
The recent increase in pricing feels excessive.,Price Increase,Negative,the recent increase in pricing feels excessive,7,46,The recent increase in pricing feels excessive.,the recent increase in pricing feels excessive,Negative,0.7748989843476881,"{'Negative': 0.7749, 'Positive': 0.2251}",Price Increase,0.43585168790642576,"{'General Price Complaint': 0.1537, 'High Price': 0.1822, 'Price Increase': 0.4359, 'Price Mismatch': 0.1236, 'Quantity-Price Concern': 0.1047}",MEDIUM (Pricing Policy),['increase'],"TRANSPARENCY NOTICE: If prices were recently revised due to inflation or input costs, display an informative notice to students explaining the reasons in advance."
I expected to pay 80 but was charged 100.,Price Mismatch,Negative,i expected to pay 80 but was charged 100,9,40,I expected to pay 80 but was charged 100.,i expected to pay 80 but was charged 100,Negative,0.807009334475959,"{'Negative': 0.807, 'Positive': 0.193}",Price Mismatch,0.6250763669805218,"{'General Price Complaint': 0.0841, 'High Price': 0.0894, 'Price Increase': 0.0964, 'Price Mismatch': 0.6251, 'Quantity-Price Concern': 0.105}",CRITICAL (Immediate Billing Action),"['Amount/Number: 80', 'Amount/Number: 100', 'charged']","URGENT AUDIT REQUIRED: Inspect POS billing registers, cash counters, and verify that physical menu board prices exactly match the billed amounts."
The khichdi is expensive for a simple meal.,High Price,Negative,the khichdi is expensive for a simple meal,8,42,The khichdi is expensive for a simple meal.,the khichdi is expensive for a simple meal,Negative,0.7247666466665476,"{'Negative': 0.7248, 'Positive': 0.2752}",High Price,0.4102826193402095,"{'General Price Complaint': 0.2618, 'High Price': 0.4103, 'Price Increase': 0.1164, 'Price Mismatch': 0.0875, 'Quantity-Price Concern': 0.1241}",MEDIUM,['expensive'],PRICING REVIEW: Benchmark item cost against student budget guidelines. Consider offering budget-friendly student combos or subsidized staples.
The advertised amount and transaction amount do not agree.,Price Mismatch,Negative,the advertised amount and transaction amount do not agree,9,57,The advertised amount and transaction amount do not agree.,the advertised amount and transaction amount do not agree,Negative,0.7685613679137985,"{'Negative': 0.7686, 'Positive': 0.2314}",Price Mismatch,0.3147355962763988,"{'General Price Complaint': 0.1665, 'High Price': 0.1661, 'Price Increase': 0.1672, 'Price Mismatch': 0.3147, 'Quantity-Price Concern': 0.1854}",CRITICAL (Immediate Billing Action),[],"URGENT AUDIT REQUIRED: Inspect POS billing registers, cash counters, and verify that physical menu board prices exactly match the billed amounts."
I was charged 120 despite seeing 100 on the menu.,Price Mismatch,Negative,i was charged 120 despite seeing 100 on the menu,10,48,I was charged 120 despite seeing 100 on the menu.,i was charged 120 despite seeing 100 on the menu,Negative,0.8032073296932355,"{'Negative': 0.8032, 'Positive': 0.1968}",Price Mismatch,0.6765719804452458,"{'General Price Complaint': 0.0835, 'High Price': 0.0745, 'Price Increase': 0.0897, 'Price Mismatch': 0.6766, 'Quantity-Price Concern': 0.0758}",CRITICAL (Immediate Billing Action),"['Amount/Number: 120', 'Amount/Number: 100', 'menu', 'charged']","URGENT AUDIT REQUIRED: Inspect POS billing registers, cash counters, and verify that physical menu board prices exactly match the billed amounts."
The portion size is not worth the money.,Quantity-Price Concern,Negative,the portion size is not worth the money,8,39,The portion size is not worth the money.,the portion size is not worth the money,Negative,0.6442197165303061,"{'Negative': 0.6442, 'Positive': 0.3558}",Quantity-Price Concern,0.3889811470951903,"{'General Price Complaint': 0.2048, 'High Price': 0.1899, 'Price Increase': 0.1217, 'Price Mismatch': 0.0946, 'Quantity-Price Concern': 0.389}",MEDIUM,"['portion', 'size']","PORTION AUDIT: Re-evaluate standard kitchen ladle sizes, plate portion weights, and value-to-cost perception for this food item."
The quantity is too little to justify the price.,Quantity-Price Concern,Negative,the quantity is too little to justify the price,9,47,The quantity is too little to justify the price.,the quantity is too little to justify the price,Negative,0.782657478129563,"{'Negative': 0.7827, 'Positive': 0.2173}",Quantity-Price Concern,0.6234812746199269,"{'General Price Complaint': 0.0896, 'High Price': 0.1275, 'Price Increase': 0.0848, 'Price Mismatch': 0.0747, 'Quantity-Price Concern': 0.6235}",HIGH (Review Required),"['quantity', 'little']","PORTION AUDIT: Re-evaluate standard kitchen ladle sizes, plate portion weights, and value-to-cost perception for this food item."
I was charged extra because the final bill exceeded the listed price.,Price Mismatch,Negative,i was charged extra because the final bill exceeded the listed price,12,68,I was charged extra because the final bill exceeded the listed price.,i was charged extra because the final bill exceeded the listed price,Negative,0.8026466190197347,"{'Negative': 0.8026, 'Positive': 0.1974}",Price Mismatch,0.6159893901466266,"{'General Price Complaint': 0.0853, 'High Price': 0.0845, 'Price Increase': 0.1004, 'Price Mismatch': 0.616, 'Quantity-Price Concern': 0.1138}",CRITICAL (Immediate Billing Action),"['bill', 'charged']","URGENT AUDIT REQUIRED: Inspect POS billing registers, cash counters, and verify that physical menu board prices exactly match the billed amounts."
The bag had very little content for this cost.,Quantity-Price Concern,Negative,the bag had very little content for this cost,9,45,The bag had very little content for this cost.,the bag had very little content for this cost,Negative,0.7405134355708044,"{'Negative': 0.7405, 'Positive': 0.2595}",Quantity-Price Concern,0.49281729028937477,"{'General Price Complaint': 0.146, 'High Price': 0.1252, 'Price Increase': 0.1203, 'Price Mismatch': 0.1157, 'Quantity-Price Concern': 0.4928}",MEDIUM,['little'],"PORTION AUDIT: Re-evaluate standard kitchen ladle sizes, plate portion weights, and value-to-cost perception for this food item."
The chai becomes more expensive every month.,Price Increase,Negative,the chai becomes more expensive every month,7,43,The chai becomes more expensive every month.,the chai becomes more expensive every month,Negative,0.7539540129980058,"{'Negative': 0.754, 'Positive': 0.246}",Price Increase,0.4877567092361947,"{'General Price Complaint': 0.1346, 'High Price': 0.153, 'Price Increase': 0.4878, 'Price Mismatch': 0.1275, 'Quantity-Price Concern': 0.0972}",MEDIUM (Pricing Policy),[],"TRANSPARENCY NOTICE: If prices were recently revised due to inflation or input costs, display an informative notice to students explaining the reasons in advance."
The sandwich is over-pricing customers.,High Price,Negative,the sandwich is over pricing customers,6,38,The sandwich is over-pricing customers.,the sandwich is over pricing customers,Negative,0.7137424898813628,"{'Negative': 0.7137, 'Positive': 0.2863}",High Price,0.4145418261085664,"{'General Price Complaint': 0.1727, 'High Price': 0.4145, 'Price Increase': 0.1832, 'Price Mismatch': 0.1176, 'Quantity-Price Concern': 0.112}",MEDIUM,[],PRICING REVIEW: Benchmark item cost against student budget guidelines. Consider offering budget-friendly student combos or subsidized staples.
The cost is too high for simple ingredients.,General Price Complaint,Negative,the cost is too high for simple ingredients,8,43,The cost is too high for simple ingredients.,the cost is too high for simple ingredients,Negative,0.7843491991797504,"{'Negative': 0.7843, 'Positive': 0.2157}",High Price,0.38384556856364627,"{'General Price Complaint': 0.2741, 'High Price': 0.3838, 'Price Increase': 0.1228, 'Price Mismatch': 0.0812, 'Quantity-Price Concern': 0.138}",MEDIUM,['high'],PRICING REVIEW: Benchmark item cost against student budget guidelines. Consider offering budget-friendly student combos or subsidized staples.
I found the menu pricing a bit unreasonable.,General Price Complaint,Negative,i found the menu pricing a bit unreasonable,8,43,I found the menu pricing a bit unreasonable.,i found the menu pricing a bit unreasonable,Negative,0.7691444503954866,"{'Negative': 0.7691, 'Positive': 0.2309}",General Price Complaint,0.34831412221152047,"{'General Price Complaint': 0.3483, 'High Price': 0.1675, 'Price Increase': 0.1504, 'Price Mismatch': 0.2353, 'Quantity-Price Concern': 0.0985}",MEDIUM (General Feedback),[],FEEDBACK MONITORING: Keep track of customer satisfaction trends and periodically survey student sentiment regarding overall cafeteria value.
The snack is tiny for the money charged.,Quantity-Price Concern,Negative,the snack is tiny for the money charged,8,39,The snack is tiny for the money charged.,the snack is tiny for the money charged,Negative,0.6228333408721307,"{'Negative': 0.6228, 'Positive': 0.3772}",Quantity-Price Concern,0.4901082950815362,"{'General Price Complaint': 0.1549, 'High Price': 0.1375, 'Price Increase': 0.1047, 'Price Mismatch': 0.1128, 'Quantity-Price Concern': 0.4901}",MEDIUM,['tiny'],"PORTION AUDIT: Re-evaluate standard kitchen ladle sizes, plate portion weights, and value-to-cost perception for this food item."
I was charged more than the menu stated.,Price Mismatch,Negative,i was charged more than the menu stated,8,39,I was charged more than the menu stated.,i was charged more than the menu stated,Negative,0.8414983096967066,"{'Negative': 0.8415, 'Positive': 0.1585}",Price Mismatch,0.7039241719839994,"{'General Price Complaint': 0.0742, 'High Price': 0.0705, 'Price Increase': 0.0928, 'Price Mismatch': 0.7039, 'Quantity-Price Concern': 0.0586}",CRITICAL (Immediate Billing Action),"['menu', 'charged']","URGENT AUDIT REQUIRED: Inspect POS billing registers, cash counters, and verify that physical menu board prices exactly match the billed amounts."
The menu is charging a premium without premium quality.,High Price,Negative,the menu is charging a premium without premium quality,9,54,The menu is charging a premium without premium quality.,the menu is charging a premium without premium quality,Negative,0.7029681813986005,"{'Negative': 0.703, 'Positive': 0.297}",High Price,0.3222058174075924,"{'General Price Complaint': 0.1698, 'High Price': 0.3222, 'Price Increase': 0.1698, 'Price Mismatch': 0.2096, 'Quantity-Price Concern': 0.1286}",MEDIUM,[],PRICING REVIEW: Benchmark item cost against student budget guidelines. Consider offering budget-friendly student combos or subsidized staples.
The soup price is too much for the quantity.,High Price,Negative,the soup price is too much for the quantity,9,43,The soup price is too much for the quantity.,the soup price is too much for the quantity,Negative,0.6992465367672813,"{'Negative': 0.6992, 'Positive': 0.3008}",High Price,0.5198336447537236,"{'General Price Complaint': 0.1231, 'High Price': 0.5198, 'Price Increase': 0.0834, 'Price Mismatch': 0.0686, 'Quantity-Price Concern': 0.2051}",MEDIUM,['too much'],PRICING REVIEW: Benchmark item cost against student budget guidelines. Consider offering budget-friendly student combos or subsidized staples.
I paid 55 for a snack that was advertised at 40.,Price Mismatch,Negative,i paid 55 for a snack that was advertised at 40,11,47,I paid 55 for a snack that was advertised at 40.,i paid 55 for a snack that was advertised at 40,Negative,0.7260060858940698,"{'Negative': 0.726, 'Positive': 0.274}",Price Mismatch,0.34004247637887874,"{'General Price Complaint': 0.1552, 'High Price': 0.1592, 'Price Increase': 0.1479, 'Price Mismatch': 0.34, 'Quantity-Price Concern': 0.1977}",CRITICAL (Immediate Billing Action),"['Amount/Number: 55', 'Amount/Number: 40']","URGENT AUDIT REQUIRED: Inspect POS billing registers, cash counters, and verify that physical menu board prices exactly match the billed amounts."
The menu prices are normal and customer-friendly.,General Price Complaint,Positive,the menu prices are normal and customer friendly,8,48,The menu prices are normal and customer-friendly.,the menu prices are normal and customer friendly,Positive,0.6752266336754282,"{'Negative': 0.3248, 'Positive': 0.6752}",Price Mismatch,0.30074778898989013,"{'General Price Complaint': 0.268, 'High Price': 0.1281, 'Price Increase': 0.2142, 'Price Mismatch': 0.3007, 'Quantity-Price Concern': 0.089}",LOW (Positive Sentiment),['menu'],BENCHMARK EXCELLENCE: Item price and quality are well-received by customers. Maintain current portion and pricing standards as best practices.
The item is too small relative to the price tag.,Quantity-Price Concern,Negative,the item is too small relative to the price tag,10,47,The item is too small relative to the price tag.,the item is too small relative to the price tag,Negative,0.8339188410683571,"{'Negative': 0.8339, 'Positive': 0.1661}",Quantity-Price Concern,0.5688214286022608,"{'General Price Complaint': 0.1053, 'High Price': 0.1288, 'Price Increase': 0.103, 'Price Mismatch': 0.0941, 'Quantity-Price Concern': 0.5688}",MEDIUM,['small'],"PORTION AUDIT: Re-evaluate standard kitchen ladle sizes, plate portion weights, and value-to-cost perception for this food item."
This meal is too little for the amount we paid.,Quantity-Price Concern,Negative,this meal is too little for the amount we paid,10,46,This meal is too little for the amount we paid.,this meal is too little for the amount we paid,Negative,0.6764035736823035,"{'Negative': 0.6764, 'Positive': 0.3236}",Quantity-Price Concern,0.5596693164441806,"{'General Price Complaint': 0.128, 'High Price': 0.165, 'Price Increase': 0.0721, 'Price Mismatch': 0.0752, 'Quantity-Price Concern': 0.5597}",MEDIUM,['little'],"PORTION AUDIT: Re-evaluate standard kitchen ladle sizes, plate portion weights, and value-to-cost perception for this food item."
The price hike is causing discomfort for regular customers.,Price Increase,Negative,the price hike is causing discomfort for regular customers,9,58,The price hike is causing discomfort for regular customers.,the price hike is causing discomfort for regular customers,Negative,0.721006419554405,"{'Negative': 0.721, 'Positive': 0.279}",General Price Complaint,0.26044130253314396,"{'General Price Complaint': 0.2604, 'High Price': 0.242, 'Price Increase': 0.159, 'Price Mismatch': 0.1326, 'Quantity-Price Concern': 0.2059}",MEDIUM (General Feedback),['price'],FEEDBACK MONITORING: Keep track of customer satisfaction trends and periodically survey student sentiment regarding overall cafeteria value.
The pizza is too expensive for the taste and size.,High Price,Negative,the pizza is too expensive for the taste and size,10,49,The pizza is too expensive for the taste and size.,the pizza is too expensive for the taste and size,Negative,0.6971366361219119,"{'Negative': 0.6971, 'Positive': 0.3029}",High Price,0.5080079969386213,"{'General Price Complaint': 0.1478, 'High Price': 0.508, 'Price Increase': 0.1083, 'Price Mismatch': 0.088, 'Quantity-Price Concern': 0.1479}",MEDIUM,['expensive'],PRICING REVIEW: Benchmark item cost against student budget guidelines. Consider offering budget-friendly student combos or subsidized staples.
This is not enough quantity for this rate.,Quantity-Price Concern,Negative,this is not enough quantity for this rate,8,41,This is not enough quantity for this rate.,this is not enough quantity for this rate,Negative,0.7244813155823955,"{'Negative': 0.7245, 'Positive': 0.2755}",Quantity-Price Concern,0.5128083682784595,"{'General Price Complaint': 0.198, 'High Price': 0.119, 'Price Increase': 0.0955, 'Price Mismatch': 0.0748, 'Quantity-Price Concern': 0.5128}",MEDIUM,['quantity'],"PORTION AUDIT: Re-evaluate standard kitchen ladle sizes, plate portion weights, and value-to-cost perception for this food item."
The meal is too expensive for the serving.,High Price,Negative,the meal is too expensive for the serving,8,41,The meal is too expensive for the serving.,the meal is too expensive for the serving,Negative,0.5988268759086731,"{'Negative': 0.5988, 'Positive': 0.4012}",High Price,0.5634619936188252,"{'General Price Complaint': 0.1332, 'High Price': 0.5635, 'Price Increase': 0.0922, 'Price Mismatch': 0.0593, 'Quantity-Price Concern': 0.1518}",MEDIUM,['expensive'],PRICING REVIEW: Benchmark item cost against student budget guidelines. Consider offering budget-friendly student combos or subsidized staples.
The sandwich is getting more expensive every visit.,Price Increase,Negative,the sandwich is getting more expensive every visit,8,50,The sandwich is getting more expensive every visit.,the sandwich is getting more expensive every visit,Negative,0.7181224081270188,"{'Negative': 0.7181, 'Positive': 0.2819}",Price Increase,0.5181187393374068,"{'General Price Complaint': 0.1255, 'High Price': 0.1694, 'Price Increase': 0.5181, 'Price Mismatch': 0.0985, 'Quantity-Price Concern': 0.0884}",MEDIUM (Pricing Policy),[],"TRANSPARENCY NOTICE: If prices were recently revised due to inflation or input costs, display an informative notice to students explaining the reasons in advance."
The price has increased without any explanation.,Price Increase,Negative,the price has increased without any explanation,7,47,The price has increased without any explanation.,the price has increased without any explanation,Negative,0.7992318386713553,"{'Negative': 0.7992, 'Positive': 0.2008}",Price Increase,0.6438999777059026,"{'General Price Complaint': 0.091, 'High Price': 0.0853, 'Price Increase': 0.6439, 'Price Mismatch': 0.0931, 'Quantity-Price Concern': 0.0866}",MEDIUM (Pricing Policy),['increased'],"TRANSPARENCY NOTICE: If prices were recently revised due to inflation or input costs, display an informative notice to students explaining the reasons in advance."
The price of the sandwich is too high to justify.,High Price,Negative,the price of the sandwich is too high to justify,10,48,The price of the sandwich is too high to justify.,the price of the sandwich is too high to justify,Negative,0.760927583413103,"{'Negative': 0.7609, 'Positive': 0.2391}",High Price,0.48732892976098163,"{'General Price Complaint': 0.1115, 'High Price': 0.4873, 'Price Increase': 0.1712, 'Price Mismatch': 0.0776, 'Quantity-Price Concern': 0.1523}",MEDIUM,['high'],PRICING REVIEW: Benchmark item cost against student budget guidelines. Consider offering budget-friendly student combos or subsidized staples.
The final bill was higher than the menu price.,Price Mismatch,Negative,the final bill was higher than the menu price,9,45,The final bill was higher than the menu price.,the final bill was higher than the menu price,Negative,0.8305447430450797,"{'Negative': 0.8305, 'Positive': 0.1695}",Price Mismatch,0.6936598660409318,"{'General Price Complaint': 0.0765, 'High Price': 0.088, 'Price Increase': 0.0835, 'Price Mismatch': 0.6937, 'Quantity-Price Concern': 0.0583}",CRITICAL (Immediate Billing Action),"['menu', 'bill']","URGENT AUDIT REQUIRED: Inspect POS billing registers, cash counters, and verify that physical menu board prices exactly match the billed amounts."
The burger is not overpriced and tastes good.,General Price Complaint,Positive,the burger is not overpriced and tastes good,8,44,The burger is not overpriced and tastes good.,the burger is not overpriced and tastes good,Negative,0.6913997499015692,"{'Negative': 0.6914, 'Positive': 0.3086}",High Price,0.30559803600535995,"{'General Price Complaint': 0.2862, 'High Price': 0.3056, 'Price Increase': 0.1559, 'Price Mismatch': 0.1128, 'Quantity-Price Concern': 0.1395}",MEDIUM,['overpriced'],PRICING REVIEW: Benchmark item cost against student budget guidelines. Consider offering budget-friendly student combos or subsidized staples.
The quantity is not enough to justify the cost.,Quantity-Price Concern,Negative,the quantity is not enough to justify the cost,9,46,The quantity is not enough to justify the cost.,the quantity is not enough to justify the cost,Negative,0.7747730315395058,"{'Negative': 0.7748, 'Positive': 0.2252}",Quantity-Price Concern,0.6044174606357403,"{'General Price Complaint': 0.1154, 'High Price': 0.0981, 'Price Increase': 0.1047, 'Price Mismatch': 0.0774, 'Quantity-Price Concern': 0.6044}",HIGH (Review Required),['quantity'],"PORTION AUDIT: Re-evaluate standard kitchen ladle sizes, plate portion weights, and value-to-cost perception for this food item."
We received very little food for the amount we paid.,Quantity-Price Concern,Negative,we received very little food for the amount we paid,10,51,We received very little food for the amount we paid.,we received very little food for the amount we paid,Negative,0.733379484086383,"{'Negative': 0.7334, 'Positive': 0.2666}",Quantity-Price Concern,0.6658461615412274,"{'General Price Complaint': 0.0949, 'High Price': 0.0763, 'Price Increase': 0.075, 'Price Mismatch': 0.0879, 'Quantity-Price Concern': 0.6658}",HIGH (Review Required),['little'],"PORTION AUDIT: Re-evaluate standard kitchen ladle sizes, plate portion weights, and value-to-cost perception for this food item."
The curry price is unreasonable for the portion.,High Price,Negative,the curry price is unreasonable for the portion,8,47,The curry price is unreasonable for the portion.,the curry price is unreasonable for the portion,Negative,0.6311407973850021,"{'Negative': 0.6311, 'Positive': 0.3689}",High Price,0.404660626826668,"{'General Price Complaint': 0.1991, 'High Price': 0.4047, 'Price Increase': 0.1308, 'Price Mismatch': 0.0938, 'Quantity-Price Concern': 0.1716}",MEDIUM,[],PRICING REVIEW: Benchmark item cost against student budget guidelines. Consider offering budget-friendly student combos or subsidized staples.
The item was undersized for the price we paid.,Quantity-Price Concern,Negative,the item was undersized for the price we paid,9,45,The item was undersized for the price we paid.,the item was undersized for the price we paid,Negative,0.7577509389663821,"{'Negative': 0.7578, 'Positive': 0.2422}",Quantity-Price Concern,0.45152875407599047,"{'General Price Complaint': 0.1471, 'High Price': 0.1056, 'Price Increase': 0.1265, 'Price Mismatch': 0.1693, 'Quantity-Price Concern': 0.4515}",MEDIUM,[],"PORTION AUDIT: Re-evaluate standard kitchen ladle sizes, plate portion weights, and value-to-cost perception for this food item."
This meal is not affordable at the current rate.,General Price Complaint,Negative,this meal is not affordable at the current rate,9,47,This meal is not affordable at the current rate.,this meal is not affordable at the current rate,Negative,0.6733787681615773,"{'Negative': 0.6734, 'Positive': 0.3266}",General Price Complaint,0.393583967117866,"{'General Price Complaint': 0.3936, 'High Price': 0.1575, 'Price Increase': 0.1567, 'Price Mismatch': 0.1388, 'Quantity-Price Concern': 0.1534}",MEDIUM (General Feedback),"['rate', 'affordable']",FEEDBACK MONITORING: Keep track of customer satisfaction trends and periodically survey student sentiment regarding overall cafeteria value.
The size of the item is disappointing relative to the price.,Quantity-Price Concern,Negative,the size of the item is disappointing relative to the price,11,59,The size of the item is disappointing relative to the price.,the size of the item is disappointing relative to the price,Negative,0.7650001328029952,"{'Negative': 0.765, 'Positive': 0.235}",Quantity-Price Concern,0.4699841952172619,"{'General Price Complaint': 0.1328, 'High Price': 0.1423, 'Price Increase': 0.1507, 'Price Mismatch': 0.1042, 'Quantity-Price Concern': 0.47}",MEDIUM,['size'],"PORTION AUDIT: Re-evaluate standard kitchen ladle sizes, plate portion weights, and value-to-cost perception for this food item."
I was asked to pay 75 when the menu displayed 60.,Price Mismatch,Negative,i was asked to pay 75 when the menu displayed 60,11,48,I was asked to pay 75 when the menu displayed 60.,i was asked to pay 75 when the menu displayed 60,Negative,0.7824739121625565,"{'Negative': 0.7825, 'Positive': 0.2175}",Price Mismatch,0.5512879181438484,"{'General Price Complaint': 0.1075, 'High Price': 0.1091, 'Price Increase': 0.1247, 'Price Mismatch': 0.5513, 'Quantity-Price Concern': 0.1075}",CRITICAL (Immediate Billing Action),"['Amount/Number: 75', 'Amount/Number: 60', 'menu']","URGENT AUDIT REQUIRED: Inspect POS billing registers, cash counters, and verify that physical menu board prices exactly match the billed amounts."
The item was priced 35 on the board but cost 50 at billing.,Price Mismatch,Negative,the item was priced 35 on the board but cost 50 at billing,13,58,The item was priced 35 on the board but cost 50 at billing.,the item was priced 35 on the board but cost 50 at billing,Negative,0.7696426890703462,"{'Negative': 0.7696, 'Positive': 0.2304}",Price Mismatch,0.4780247835217336,"{'General Price Complaint': 0.1439, 'High Price': 0.1002, 'Price Increase': 0.1397, 'Price Mismatch': 0.478, 'Quantity-Price Concern': 0.1382}",CRITICAL (Immediate Billing Action),"['Amount/Number: 35', 'Amount/Number: 50']","URGENT AUDIT REQUIRED: Inspect POS billing registers, cash counters, and verify that physical menu board prices exactly match the billed amounts."
The item feels slightly costly for the satisfaction.,General Price Complaint,Negative,the item feels slightly costly for the satisfaction,8,51,The item feels slightly costly for the satisfaction.,the item feels slightly costly for the satisfaction,Negative,0.7275052919143145,"{'Negative': 0.7275, 'Positive': 0.2725}",General Price Complaint,0.43953066826331516,"{'General Price Complaint': 0.4395, 'High Price': 0.1652, 'Price Increase': 0.1228, 'Price Mismatch': 0.11, 'Quantity-Price Concern': 0.1624}",MEDIUM (General Feedback),[],FEEDBACK MONITORING: Keep track of customer satisfaction trends and periodically survey student sentiment regarding overall cafeteria value.
The amount served is too small for the amount charged.,Quantity-Price Concern,Negative,the amount served is too small for the amount charged,10,53,The amount served is too small for the amount charged.,the amount served is too small for the amount charged,Negative,0.8039666014342661,"{'Negative': 0.804, 'Positive': 0.196}",Quantity-Price Concern,0.6913455980961148,"{'General Price Complaint': 0.0622, 'High Price': 0.1074, 'Price Increase': 0.0572, 'Price Mismatch': 0.0818, 'Quantity-Price Concern': 0.6913}",HIGH (Review Required),['small'],"PORTION AUDIT: Re-evaluate standard kitchen ladle sizes, plate portion weights, and value-to-cost perception for this food item."
The portion and price do not feel balanced.,General Price Complaint,Negative,the portion and price do not feel balanced,8,42,The portion and price do not feel balanced.,the portion and price do not feel balanced,Negative,0.5532973313752322,"{'Negative': 0.5533, 'Positive': 0.4467}",General Price Complaint,0.43742486252777507,"{'General Price Complaint': 0.4374, 'High Price': 0.1534, 'Price Increase': 0.1355, 'Price Mismatch': 0.1422, 'Quantity-Price Concern': 0.1314}",MEDIUM (General Feedback),['price'],FEEDBACK MONITORING: Keep track of customer satisfaction trends and periodically survey student sentiment regarding overall cafeteria value.
The sticker said 90 but the bill is 115.,Price Mismatch,Negative,the sticker said 90 but the bill is 115,9,39,The sticker said 90 but the bill is 115.,the sticker said 90 but the bill is 115,Negative,0.7650176160728054,"{'Negative': 0.765, 'Positive': 0.235}",Price Mismatch,0.5285761657914246,"{'General Price Complaint': 0.111, 'High Price': 0.1147, 'Price Increase': 0.1249, 'Price Mismatch': 0.5286, 'Quantity-Price Concern': 0.1209}",CRITICAL (Immediate Billing Action),"['Amount/Number: 90', 'Amount/Number: 115', 'bill']","URGENT AUDIT REQUIRED: Inspect POS billing registers, cash counters, and verify that physical menu board prices exactly match the billed amounts."
I think the chai is priced too high compared to other shops.,High Price,Negative,i think the chai is priced too high compared to other shops,12,59,I think the chai is priced too high compared to other shops.,i think the chai is priced too high compared to other shops,Negative,0.606236598040546,"{'Negative': 0.6062, 'Positive': 0.3938}",High Price,0.508715390487235,"{'General Price Complaint': 0.1678, 'High Price': 0.5087, 'Price Increase': 0.1151, 'Price Mismatch': 0.1004, 'Quantity-Price Concern': 0.108}",MEDIUM,['high'],PRICING REVIEW: Benchmark item cost against student budget guidelines. Consider offering budget-friendly student combos or subsidized staples.
The burger price is fair for the quality and quantity.,General Price Complaint,Positive,the burger price is fair for the quality and quantity,10,53,The burger price is fair for the quality and quantity.,the burger price is fair for the quality and quantity,Positive,0.8003778177772395,"{'Negative': 0.1996, 'Positive': 0.8004}",General Price Complaint,0.5042543782673102,"{'General Price Complaint': 0.5043, 'High Price': 0.1582, 'Price Increase': 0.1112, 'Price Mismatch': 0.0769, 'Quantity-Price Concern': 0.1495}",LOW (Positive Sentiment),"['price', 'fair']",BENCHMARK EXCELLENCE: Item price and quality are well-received by customers. Maintain current portion and pricing standards as best practices.
The price of the sandwich is higher than it was last week.,Price Increase,Negative,the price of the sandwich is higher than it was last week,12,57,The price of the sandwich is higher than it was last week.,the price of the sandwich is higher than it was last week,Negative,0.7859536454420997,"{'Negative': 0.786, 'Positive': 0.214}",Price Increase,0.40673807445882476,"{'General Price Complaint': 0.1289, 'High Price': 0.2211, 'Price Increase': 0.4067, 'Price Mismatch': 0.1495, 'Quantity-Price Concern': 0.0938}",MEDIUM (Pricing Policy),[],"TRANSPARENCY NOTICE: If prices were recently revised due to inflation or input costs, display an informative notice to students explaining the reasons in advance."
I paid 50 instead of the listed 42 for the item.,Price Mismatch,Negative,i paid 50 instead of the listed 42 for the item,11,47,I paid 50 instead of the listed 42 for the item.,i paid 50 instead of the listed 42 for the item,Negative,0.7196495902016226,"{'Negative': 0.7196, 'Positive': 0.2804}",Price Mismatch,0.38132837959126076,"{'General Price Complaint': 0.1462, 'High Price': 0.1534, 'Price Increase': 0.1412, 'Price Mismatch': 0.3813, 'Quantity-Price Concern': 0.1779}",CRITICAL (Immediate Billing Action),"['Amount/Number: 50', 'Amount/Number: 42']","URGENT AUDIT REQUIRED: Inspect POS billing registers, cash counters, and verify that physical menu board prices exactly match the billed amounts."
The quantity is unequal to the cost charged.,Quantity-Price Concern,Negative,the quantity is unequal to the cost charged,8,43,The quantity is unequal to the cost charged.,the quantity is unequal to the cost charged,Negative,0.7682298108653847,"{'Negative': 0.7682, 'Positive': 0.2318}",Quantity-Price Concern,0.5631704073966981,"{'General Price Complaint': 0.0984, 'High Price': 0.1114, 'Price Increase': 0.1078, 'Price Mismatch': 0.1193, 'Quantity-Price Concern': 0.5632}",MEDIUM,['quantity'],"PORTION AUDIT: Re-evaluate standard kitchen ladle sizes, plate portion weights, and value-to-cost perception for this food item."
The food is priced above what I would consider fair.,General Price Complaint,Negative,the food is priced above what i would consider fair,10,51,The food is priced above what I would consider fair.,the food is priced above what i would consider fair,Negative,0.5767479903970045,"{'Negative': 0.5767, 'Positive': 0.4233}",General Price Complaint,0.5120698022940096,"{'General Price Complaint': 0.5121, 'High Price': 0.1663, 'Price Increase': 0.105, 'Price Mismatch': 0.0996, 'Quantity-Price Concern': 0.1171}",MEDIUM (General Feedback),['fair'],FEEDBACK MONITORING: Keep track of customer satisfaction trends and periodically survey student sentiment regarding overall cafeteria value.
The checkout charged 110 whereas it should have been 96.,Price Mismatch,Negative,the checkout charged 110 whereas it should have been 96,10,55,The checkout charged 110 whereas it should have been 96.,the checkout charged 110 whereas it should have been 96,Negative,0.7756855868597705,"{'Negative': 0.7757, 'Positive': 0.2243}",Price Mismatch,0.2316845287701622,"{'General Price Complaint': 0.1635, 'High Price': 0.2201, 'Price Increase': 0.229, 'Price Mismatch': 0.2317, 'Quantity-Price Concern': 0.1557}",CRITICAL (Immediate Billing Action),"['Amount/Number: 110', 'Amount/Number: 96', 'charged']","URGENT AUDIT REQUIRED: Inspect POS billing registers, cash counters, and verify that physical menu board prices exactly match the billed amounts."
The menu item is more expensive now than before.,Price Increase,Negative,the menu item is more expensive now than before,9,47,The menu item is more expensive now than before.,the menu item is more expensive now than before,Negative,0.8051977936894611,"{'Negative': 0.8052, 'Positive': 0.1948}",Price Increase,0.49942800344533267,"{'General Price Complaint': 0.1678, 'High Price': 0.1032, 'Price Increase': 0.4994, 'Price Mismatch': 0.1567, 'Quantity-Price Concern': 0.0728}",MEDIUM (Pricing Policy),"['before', 'now']","TRANSPARENCY NOTICE: If prices were recently revised due to inflation or input costs, display an informative notice to students explaining the reasons in advance."
The noodles are way too pricey for a basic meal.,High Price,Negative,the noodles are way too pricey for a basic meal,10,47,The noodles are way too pricey for a basic meal.,the noodles are way too pricey for a basic meal,Negative,0.721958714945109,"{'Negative': 0.722, 'Positive': 0.278}",High Price,0.3991033081014456,"{'General Price Complaint': 0.2016, 'High Price': 0.3991, 'Price Increase': 0.1425, 'Price Mismatch': 0.1167, 'Quantity-Price Concern': 0.1402}",MEDIUM,[],PRICING REVIEW: Benchmark item cost against student budget guidelines. Consider offering budget-friendly student combos or subsidized staples.
The pastry is fairly priced for what you get.,General Price Complaint,Positive,the pastry is fairly priced for what you get,9,44,The pastry is fairly priced for what you get.,the pastry is fairly priced for what you get,Positive,0.7147209228587036,"{'Negative': 0.2853, 'Positive': 0.7147}",General Price Complaint,0.4228046365950114,"{'General Price Complaint': 0.4228, 'High Price': 0.2075, 'Price Increase': 0.1175, 'Price Mismatch': 0.1153, 'Quantity-Price Concern': 0.1369}",LOW (Positive Sentiment),[],BENCHMARK EXCELLENCE: Item price and quality are well-received by customers. Maintain current portion and pricing standards as best practices.
The meal is much more expensive than it used to be.,Price Increase,Negative,the meal is much more expensive than it used to be,11,50,The meal is much more expensive than it used to be.,the meal is much more expensive than it used to be,Negative,0.7377210701533564,"{'Negative': 0.7377, 'Positive': 0.2623}",Price Increase,0.3926921341358871,"{'General Price Complaint': 0.1504, 'High Price': 0.2715, 'Price Increase': 0.3927, 'Price Mismatch': 0.0984, 'Quantity-Price Concern': 0.0869}",MEDIUM (Pricing Policy),['used to'],"TRANSPARENCY NOTICE: If prices were recently revised due to inflation or input costs, display an informative notice to students explaining the reasons in advance."
The menu item is listed at 60 but the cashier charged 75.,Price Mismatch,Negative,the menu item is listed at 60 but the cashier charged 75,12,56,The menu item is listed at 60 but the cashier charged 75.,the menu item is listed at 60 but the cashier charged 75,Negative,0.7933457267412932,"{'Negative': 0.7933, 'Positive': 0.2067}",Price Mismatch,0.5774748658195514,"{'General Price Complaint': 0.1166, 'High Price': 0.0874, 'Price Increase': 0.1107, 'Price Mismatch': 0.5775, 'Quantity-Price Concern': 0.1078}",CRITICAL (Immediate Billing Action),"['Amount/Number: 60', 'Amount/Number: 75', 'menu', 'charged']","URGENT AUDIT REQUIRED: Inspect POS billing registers, cash counters, and verify that physical menu board prices exactly match the billed amounts."
The cost on the receipt exceeds the advertised menu price.,Price Mismatch,Negative,the cost on the receipt exceeds the advertised menu price,10,57,The cost on the receipt exceeds the advertised menu price.,the cost on the receipt exceeds the advertised menu price,Negative,0.7682121505838859,"{'Negative': 0.7682, 'Positive': 0.2318}",Price Mismatch,0.5524268203973091,"{'General Price Complaint': 0.1217, 'High Price': 0.0989, 'Price Increase': 0.1261, 'Price Mismatch': 0.5524, 'Quantity-Price Concern': 0.1009}",CRITICAL (Immediate Billing Action),['menu'],"URGENT AUDIT REQUIRED: Inspect POS billing registers, cash counters, and verify that physical menu board prices exactly match the billed amounts."
The combo meal is priced too high.,High Price,Negative,the combo meal is priced too high,7,33,The combo meal is priced too high.,the combo meal is priced too high,Negative,0.5029409536805948,"{'Negative': 0.5029, 'Positive': 0.4971}",High Price,0.5373779487237951,"{'General Price Complaint': 0.2199, 'High Price': 0.5374, 'Price Increase': 0.0885, 'Price Mismatch': 0.0739, 'Quantity-Price Concern': 0.0804}",MEDIUM,['high'],PRICING REVIEW: Benchmark item cost against student budget guidelines. Consider offering budget-friendly student combos or subsidized staples.
The pulao is overpriced compared to local pricing.,High Price,Negative,the pulao is overpriced compared to local pricing,8,49,The pulao is overpriced compared to local pricing.,the pulao is overpriced compared to local pricing,Negative,0.7138839117698211,"{'Negative': 0.7139, 'Positive': 0.2861}",High Price,0.4396183951698094,"{'General Price Complaint': 0.1498, 'High Price': 0.4396, 'Price Increase': 0.1469, 'Price Mismatch': 0.1329, 'Quantity-Price Concern': 0.1307}",MEDIUM,['overpriced'],PRICING REVIEW: Benchmark item cost against student budget guidelines. Consider offering budget-friendly student combos or subsidized staples.
The vada is charging too much for a regular snack.,High Price,Negative,the vada is charging too much for a regular snack,10,49,The vada is charging too much for a regular snack.,the vada is charging too much for a regular snack,Negative,0.7591162065227037,"{'Negative': 0.7591, 'Positive': 0.2409}",High Price,0.5629364319260348,"{'General Price Complaint': 0.1293, 'High Price': 0.5629, 'Price Increase': 0.1172, 'Price Mismatch': 0.0882, 'Quantity-Price Concern': 0.1024}",MEDIUM,['too much'],PRICING REVIEW: Benchmark item cost against student budget guidelines. Consider offering budget-friendly student combos or subsidized staples.
The price of tea has increased recently and is unreasonable.,Price Increase,Negative,the price of tea has increased recently and is unreasonable,10,59,The price of tea has increased recently and is unreasonable.,the price of tea has increased recently and is unreasonable,Negative,0.7483356462192341,"{'Negative': 0.7483, 'Positive': 0.2517}",Price Increase,0.5818517120597253,"{'General Price Complaint': 0.1065, 'High Price': 0.1476, 'Price Increase': 0.5819, 'Price Mismatch': 0.0815, 'Quantity-Price Concern': 0.0825}",MEDIUM (Pricing Policy),['increased'],"TRANSPARENCY NOTICE: If prices were recently revised due to inflation or input costs, display an informative notice to students explaining the reasons in advance."
The dosa is slightly expensive but still acceptable.,General Price Complaint,Positive,the dosa is slightly expensive but still acceptable,8,51,The dosa is slightly expensive but still acceptable.,the dosa is slightly expensive but still acceptable,Positive,0.7347023028891932,"{'Negative': 0.2653, 'Positive': 0.7347}",General Price Complaint,0.4012669793429279,"{'General Price Complaint': 0.4013, 'High Price': 0.1764, 'Price Increase': 0.155, 'Price Mismatch': 0.1357, 'Quantity-Price Concern': 0.1316}",LOW (Positive Sentiment),[],BENCHMARK EXCELLENCE: Item price and quality are well-received by customers. Maintain current portion and pricing standards as best practices.
The price of the momos is much higher than expected.,High Price,Negative,the price of the momos is much higher than expected,10,51,The price of the momos is much higher than expected.,the price of the momos is much higher than expected,Negative,0.768154831231909,"{'Negative': 0.7682, 'Positive': 0.2318}",High Price,0.45320046918988094,"{'General Price Complaint': 0.1609, 'High Price': 0.4532, 'Price Increase': 0.1601, 'Price Mismatch': 0.1196, 'Quantity-Price Concern': 0.1062}",MEDIUM,[],PRICING REVIEW: Benchmark item cost against student budget guidelines. Consider offering budget-friendly student combos or subsidized staples.
The item is costlier than before and quality is unchanged.,Price Increase,Negative,the item is costlier than before and quality is unchanged,10,57,The item is costlier than before and quality is unchanged.,the item is costlier than before and quality is unchanged,Negative,0.7143137561525464,"{'Negative': 0.7143, 'Positive': 0.2857}",Price Increase,0.4192033114135145,"{'General Price Complaint': 0.1911, 'High Price': 0.1442, 'Price Increase': 0.4192, 'Price Mismatch': 0.1153, 'Quantity-Price Concern': 0.1302}",MEDIUM (Pricing Policy),['before'],"TRANSPARENCY NOTICE: If prices were recently revised due to inflation or input costs, display an informative notice to students explaining the reasons in advance."
The price is unfair for the overall quality.,General Price Complaint,Negative,the price is unfair for the overall quality,8,43,The price is unfair for the overall quality.,the price is unfair for the overall quality,Negative,0.5429290965484754,"{'Negative': 0.5429, 'Positive': 0.4571}",General Price Complaint,0.4855742056672053,"{'General Price Complaint': 0.4856, 'High Price': 0.1568, 'Price Increase': 0.1097, 'Price Mismatch': 0.1018, 'Quantity-Price Concern': 0.1461}",MEDIUM (General Feedback),['price'],FEEDBACK MONITORING: Keep track of customer satisfaction trends and periodically survey student sentiment regarding overall cafeteria value.
This meal feels too expensive and not fair.,High Price,Negative,this meal feels too expensive and not fair,8,42,This meal feels too expensive and not fair.,this meal feels too expensive and not fair,Negative,0.6473794460585617,"{'Negative': 0.6474, 'Positive': 0.3526}",High Price,0.48513082759565496,"{'General Price Complaint': 0.2028, 'High Price': 0.4851, 'Price Increase': 0.1289, 'Price Mismatch': 0.081, 'Quantity-Price Concern': 0.1022}",MEDIUM,['expensive'],PRICING REVIEW: Benchmark item cost against student budget guidelines. Consider offering budget-friendly student combos or subsidized staples.
The product tag showed 20 but I was charged 28.,Price Mismatch,Negative,the product tag showed 20 but i was charged 28,10,46,The product tag showed 20 but I was charged 28.,the product tag showed 20 but i was charged 28,Negative,0.7964928169043234,"{'Negative': 0.7965, 'Positive': 0.2035}",Price Mismatch,0.5718762805568832,"{'General Price Complaint': 0.094, 'High Price': 0.097, 'Price Increase': 0.1174, 'Price Mismatch': 0.5719, 'Quantity-Price Concern': 0.1197}",CRITICAL (Immediate Billing Action),"['Amount/Number: 20', 'Amount/Number: 28', 'charged']","URGENT AUDIT REQUIRED: Inspect POS billing registers, cash counters, and verify that physical menu board prices exactly match the billed amounts."
The vendor charged 68 while the menu says 52.,Price Mismatch,Negative,the vendor charged 68 while the menu says 52,9,44,The vendor charged 68 while the menu says 52.,the vendor charged 68 while the menu says 52,Negative,0.7778913894986003,"{'Negative': 0.7779, 'Positive': 0.2221}",Price Mismatch,0.5926536161981941,"{'General Price Complaint': 0.1013, 'High Price': 0.1, 'Price Increase': 0.1136, 'Price Mismatch': 0.5927, 'Quantity-Price Concern': 0.0924}",CRITICAL (Immediate Billing Action),"['Amount/Number: 68', 'Amount/Number: 52', 'menu', 'charged']","URGENT AUDIT REQUIRED: Inspect POS billing registers, cash counters, and verify that physical menu board prices exactly match the billed amounts."
The tea is expensive and not justified by the taste.,High Price,Negative,the tea is expensive and not justified by the taste,10,51,The tea is expensive and not justified by the taste.,the tea is expensive and not justified by the taste,Negative,0.605630825378008,"{'Negative': 0.6056, 'Positive': 0.3944}",High Price,0.40031040215634817,"{'General Price Complaint': 0.2073, 'High Price': 0.4003, 'Price Increase': 0.1953, 'Price Mismatch': 0.0995, 'Quantity-Price Concern': 0.0975}",MEDIUM,['expensive'],PRICING REVIEW: Benchmark item cost against student budget guidelines. Consider offering budget-friendly student combos or subsidized staples.
The rate is too high for the quality offered.,High Price,Negative,the rate is too high for the quality offered,9,44,The rate is too high for the quality offered.,the rate is too high for the quality offered,Negative,0.5420163189749418,"{'Negative': 0.542, 'Positive': 0.458}",High Price,0.49771199148753426,"{'General Price Complaint': 0.2002, 'High Price': 0.4977, 'Price Increase': 0.0977, 'Price Mismatch': 0.079, 'Quantity-Price Concern': 0.1254}",MEDIUM,['high'],PRICING REVIEW: Benchmark item cost against student budget guidelines. Consider offering budget-friendly student combos or subsidized staples.
